game,song_name,credit
F-Zero X Expansion Kit,Rainbow Road,Static
Famicom Detective Club: The Missing Heir,Staff Roll,WandringMinstrel
Famicom Disk System BIOS,Disk System,WandringMinstrel
Famicom Grand Prix II: 3D Hot Rally,Opening,Radiak488417
Balloon Kid,Boss Defeated,Jacopo Tore
Balloon Kid,Stage 2,LeviR.star
Balloon Kid,Stage Clear,Alessio Corrias
Balloon Kid,Stages 1 & 5,LeviR.star
Castlevania II: Belmont's Revenge,New Messiah (Crystal Castle),Atcero
Castlevania II: Belmont's Revenge,Praying Hands (Cloud Castle),Tobbeh99
Castlevania II: Belmont's Revenge,Psycho Warrior (Rock Castle),Atcero
Castlevania II: Belmont's Revenge,Ripe Seeds (Plant Castle),Atcero
Castlevania Legends,Prologue,LeviR.star
Castlevania: The Adventure,Battle of the Holy,LeviR.star
Castlevania: The Adventure,Darkness,LeviR.star
Castlevania: The Adventure,Death Fair,LeviR.star
Castlevania: The Adventure,Evil Devil,LeviR.star
Castlevania: The Adventure,Gate to Hell,LeviR.star
Castlevania: The Adventure,Kill! Kill! Kill!,LeviR.star
Castlevania: The Adventure,Miscellaneous Short Themes,LeviR.star
Castlevania: The Adventure,Revenge,LeviR.star
Castlevania: The Adventure,"Theme from ""The Legend of Dracula"" & Reprise",LeviR.star
Donkey Kong,Chase Scene,LeviR.star
Donkey Kong,Showdown at the Tower,Maelstrom
Donkey Kong Land,Boss Battle,WiiMan96
Donkey Kong Land,File Select,Thomas Wilson
Donkey Kong Land,Kremlantis,Jack
Donkey Kong Land,Title Screen,Thomas Wilson
Donkey Kong Land 2,Boss Battle,Thomas Wilson
Donkey Kong Land 2,Title Screen,Thomas Wilson
Donkey Kong Land III,Bonus Time!,Olimar12345
Donkey Kong Land III,Rockface Rumble,Olimar12345
Final Fantasy Adventure,Battle 2,FireArrow
Final Fantasy Adventure,Endless Battlefield,FireArrow
Final Fantasy Adventure,Jema's Realization,FireArrow
Final Fantasy Adventure,Legend Forever,Echo
Final Fantasy Adventure,Mana Palace,FireArrow
Final Fantasy Adventure,Mana's Mission,FireArrow
Final Fantasy Adventure,Royal Palace Theme,FireArrow
Final Fantasy Legend II,Ending Theme 1,FireArrow
Final Fantasy Legend II,Lethal Strike,FireArrow
Final Fantasy Legend II,The Tranquil Earth,FireArrow
Game Boy BIOS,Startup,Th3Gavst3r
Gargoyle's Quest: Ghosts 'n Goblins,Boss Battle,Don Valentino
Gargoyle's Quest: Ghosts 'n Goblins,Demon Border,Don Valentino
Gargoyle's Quest: Ghosts 'n Goblins,Hell Field,Don Valentino
Gargoyle's Quest: Ghosts 'n Goblins,King Breager's Castle,Don Valentino
Gargoyle's Quest: Ghosts 'n Goblins,Password,Don Valentino
Gargoyle's Quest: Ghosts 'n Goblins,Village,Don Valentino
Kid Icarus: Of Myths and Monsters,Final Battle with Orcos,BrainyLucario
Kid Icarus: Of Myths and Monsters,Lose Life,BrainyLucario
Kirby's Block Ball,Blockworld Map,LeviR.star
Kirby's Block Ball,Cappy's Stage (Stage 1),LeviR.star
Kirby's Block Ball,King Dedede,LeviR.star
Kirby's Block Ball,Mr. Shine & Mr. Bright's Stage (Stage 5),LeviR.star
Kirby's Dream Land,Boss,AwesomeYears
Kirby's Dream Land,Bubbly Clouds,Jesse J.K.
Kirby's Dream Land,Castle Lololo,Sekter77
Kirby's Dream Land,Ending Theme,AwesomeYears
Kirby's Dream Land,Float Islands,Latios212
Kirby's Dream Land,Green Greens,Sekter77
Kirby's Dream Land,King Dedede,AwesomeYears
Kirby's Dream Land,Miscellaneous Short Themes,Latios212
Kirby's Dream Land,Title Screen,Sekter77
Kirby's Dream Land 2,Dark Castle,LeviR.star
Kirby's Pinball Land,Whispy Woods Land,LeviR.star
Kirby's Star Stacker,Opening & Title Screen,LeviR.star
Mega Man II,Title Screen / Dr. Wily Stage 2,LeviR.star
Mega Man III,Wily Stage 2,LeviR.star
Mega Man IV,Dr. Wily Stage,LeviR.star
Mega Man V,Pluto Stage,LeviR.star
Mega Man: Dr. Wily's Revenge,Dr. Wily Stage 1,LeviR.star
Metroid II: Return of Samus,Ancient Chozo Ruins,Olimar12345
Metroid II: Return of Samus,Baby Metroid,Olimar12345
Metroid II: Return of Samus,Ending,Olimar12345
Metroid II: Return of Samus,Metroid Encounter,Olimar12345
Metroid II: Return of Samus,Miscellaneous Fanfares,Olimar12345
Metroid II: Return of Samus,Queen Metroid Battle,Olimar12345
Metroid II: Return of Samus,Title Theme,Olimar12345
Metroid II: Return of Samus,Tunnel Theme,MetroidHunter26
Pokémon Red Version & Pokémon Blue Version,A Rival Appears,Bespinben
Pokémon Red Version & Pokémon Blue Version,A Trainer Appears (Bad Guy Version),Don Valentino
Pokémon Red Version & Pokémon Blue Version,A Trainer Appears (Boy Version),Don Valentino
Pokémon Red Version & Pokémon Blue Version,A Trainer Appears (Girl Version),Don Valentino
Pokémon Red Version & Pokémon Blue Version,Battle! (Gym Leader Battle),Bespinben
Pokémon Red Version & Pokémon Blue Version,Battle! (Trainer Battle),Bespinben
Pokémon Red Version & Pokémon Blue Version,Battle! (Wild Pokémon),JDMEK5
Pokémon Red Version & Pokémon Blue Version,Caves of Mt. Moon,QWERTYkid911
Pokémon Red Version & Pokémon Blue Version,Celadon City Theme,Myron J
Pokémon Red Version & Pokémon Blue Version,Cinnabar Island Theme,JDMEK5
Pokémon Red Version & Pokémon Blue Version,Cycling,Echo
Pokémon Red Version & Pokémon Blue Version,Ending Theme,JDMEK5
Pokémon Red Version & Pokémon Blue Version,Evolution,GreekGeek
Pokémon Red Version & Pokémon Blue Version,Fanfares Collection,Sebastian
Pokémon Red Version & Pokémon Blue Version,Final Battle! (Rival),Treeckodude
Pokémon Red Version & Pokémon Blue Version,Fuchsia City Theme,FierceDeity
Pokémon Red Version & Pokémon Blue Version,Guide,Thomas Wilson
Pokémon Red Version & Pokémon Blue Version,Hall of Fame,JDMEK5
Pokémon Red Version & Pokémon Blue Version,Jigglypuff's Song,Tobbeh99
Pokémon Red Version & Pokémon Blue Version,Lavender Town Theme,Bespinben
Pokémon Red Version & Pokémon Blue Version,Opening Movie,dahans
Pokémon Red Version & Pokémon Blue Version,Pallet Town Theme,Brawler4Ever
Pokémon Red Version & Pokémon Blue Version,Pewter City Theme,Thomas Wilson
Pokémon Red Version & Pokémon Blue Version,Pokémon Center,Rubinho
Pokémon Red Version & Pokémon Blue Version,Pokémon Gym,JDMEK5
Pokémon Red Version & Pokémon Blue Version,Pokémon Healed,Pianist Da Sootopolis
Pokémon Red Version & Pokémon Blue Version,Pokémon Mansion,Latios212
Pokémon Red Version & Pokémon Blue Version,Pokémon Tower,Tangy
Pokémon Red Version & Pokémon Blue Version,Professor Oak,Latios212
Pokémon Red Version & Pokémon Blue Version,Professor Oak's Laboratory,dahans
Pokémon Red Version & Pokémon Blue Version,Road to Bill's House: Leaving Cerulean City,Don Valentino
Pokémon Red Version & Pokémon Blue Version,Road to Cerulean City: Leaving Mt. Moon,Don Valentino
Pokémon Red Version & Pokémon Blue Version,Road to Fuchsia City: Leaving Lavender Town,Don Valentino
Pokémon Red Version & Pokémon Blue Version,Road to Viridian City: Leaving Pallet Town,Echo
Pokémon Red Version & Pokémon Blue Version,Rocket Game Corner,Thomas Wilson
Pokémon Red Version & Pokémon Blue Version,Rocket Hideout,Thomas Wilson
Pokémon Red Version & Pokémon Blue Version,Silph Co.,Commander6
Pokémon Red Version & Pokémon Blue Version,The Final Road,Don Valentino
Pokémon Red Version & Pokémon Blue Version,The Poké Flute,Latios212
Pokémon Red Version & Pokémon Blue Version,The S.S. Anne,dahans
Pokémon Red Version & Pokémon Blue Version,The Sea,Zunawe
Pokémon Red Version & Pokémon Blue Version,Title Screen,JDMEK5
Pokémon Red Version & Pokémon Blue Version,Vermilion City Theme,Tobbeh99
Pokémon Red Version & Pokémon Blue Version,Victory! (Gym Leader Battle),Tobbeh99
Pokémon Red Version & Pokémon Blue Version,Victory! (Trainer Battle),Tobbeh99
Pokémon Red Version & Pokémon Blue Version,Victory! (Wild Pokémon),Tobbeh99
Pokémon Red Version & Pokémon Blue Version,Viridian Forest,Tangy
Pokémon Yellow Version,Jessie & James Appear,Latios212
Pokémon Yellow Version,Opening Movie,Thomas Wilson
Pokémon Yellow Version,Pikachu's Beach,Don Valentino
Pokémon Yellow Version,Printer Error,Tangy
Pokémon Yellow Version,Unused Track,Tobbeh99
Super Mario Land,Chai Kingdom,G-Han
Super Mario Land,Easton Kingdom,G-Han
Super Mario Land,Ending,Latios212
Super Mario Land,Ground Theme,FierceDeity
Super Mario Land,"Marine Pop, Sky Pop!",Latios212
Super Mario Land,Muda Kingdom,G-Han
Super Mario Land,Short Themes & Sound Effects,LeviR.star
Super Mario Land 2: 6 Golden Coins,Athletic,Sekter77
Super Mario Land 2: 6 Golden Coins,Boss Battle,Sekter77
Super Mario Land 2: 6 Golden Coins,File Select,Sekter77
Super Mario Land 2: 6 Golden Coins,Graveyard,Olimar12345
Super Mario Land 2: 6 Golden Coins,Haunted House,Sekter77
Super Mario Land 2: 6 Golden Coins,Overworld Map,Latios212
Super Mario Land 2: 6 Golden Coins,Seashore,Sekter77
Super Mario Land 2: 6 Golden Coins,Staff Roll,Latios212
Super Mario Land 2: 6 Golden Coins,Star Maze,Sekter77
Super Mario Land 2: 6 Golden Coins,The Castle Gates,PokéMaster
Super Mario Land 2: 6 Golden Coins,The Moon,Radiak488417
Super Mario Land 2: 6 Golden Coins,Treetop,Latios212
Super Mario Land 2: 6 Golden Coins,Wario's Castle,Nine Lives
Super Mario Land 2: 6 Golden Coins,Zone Medley,Sekter77
Teenage Mutant Ninja Turtles II: Back from the Sewers,Pizza Time,PlayfulPiano
Tetris,2 Player - Danger! (Toréador Song),Code_Name_Geek
Tetris,A Theme (Korobeiniki),Olimar12345
Tetris,B Theme,Yug Guy
Tetris,B-Type Fanfares (Trepak Variations),Code_Name_Geek
Tetris,C Theme,Yentl Tijssens
Tetris,Ending (Rocket),Code_Name_Geek
Tetris,High Score,Yentl Tijssens
Tetris,Title Theme,Yug Guy
The Final Fantasy Legend,Eat the Meat,LeviR.star
The Final Fantasy Legend,Fight,LeviR.star
The Final Fantasy Legend,Town,LeviR.star
The Final Fantasy Legend,Wipe Your Tears Away,LeviR.star
The Legend of Zelda: Link's Awakening,Animal Village,jake3343
The Legend of Zelda: Link's Awakening,Ballad of the Wind Fish,Bespinben
The Legend of Zelda: Link's Awakening,Boss Battle,V.E. Norman
The Legend of Zelda: Link's Awakening,Christine's House,Cashwarrior1
The Legend of Zelda: Link's Awakening,Credits,Bespinben
The Legend of Zelda: Link's Awakening,Eagle's Tower,V.E. Norman
The Legend of Zelda: Link's Awakening,Face Shrine,V.E. Norman
The Legend of Zelda: Link's Awakening,Fishing Under the Bridge,jake3343
The Legend of Zelda: Link's Awakening,Game Over,jake3343
The Legend of Zelda: Link's Awakening,Inside the Houses,maxmic480
The Legend of Zelda: Link's Awakening,Key Cavern,V.E. Norman
The Legend of Zelda: Link's Awakening,Level 2 - Bottle Grotto,jake3343
The Legend of Zelda: Link's Awakening,Level 4 - Angler's Tunnel,Seeker
The Legend of Zelda: Link's Awakening,Level 5 - Catfish's Maw,V.E. Norman
The Legend of Zelda: Link's Awakening,Link Awakens,Bespinben
The Legend of Zelda: Link's Awakening,Mabe Village,Latios212
The Legend of Zelda: Link's Awakening,Miniboss Battle,V.E. Norman
The Legend of Zelda: Link's Awakening,Mr. Write's House,ReyMan
The Legend of Zelda: Link's Awakening,Mysterious Woods,Bespinben
The Legend of Zelda: Link's Awakening,Opening,Bespinben
The Legend of Zelda: Link's Awakening,Overworld,The Deku Trombonist
The Legend of Zelda: Link's Awakening,Richard's Villa,jake3343
The Legend of Zelda: Link's Awakening,Shop,V.E. Norman
The Legend of Zelda: Link's Awakening,Southern Face Shrine,Tobbeh99
The Legend of Zelda: Link's Awakening,Sword Search,V.E. Norman
The Legend of Zelda: Link's Awakening,Tail Cave,V.E. Norman
The Legend of Zelda: Link's Awakening,Tal Tal Heights,Tobbeh99
The Legend of Zelda: Link's Awakening,The Ghost's House,Kensho
The Legend of Zelda: Link's Awakening,The Moblins Took Bow-Wow!,PixelDark
The Legend of Zelda: Link's Awakening,Trendy Game!,jake3343
The Legend of Zelda: Link's Awakening,Turtle Rock,Bubbles
The Legend of Zelda: Link's Awakening,Wind Fish's Egg,Nine Lives
The Smurfs' Nightmare,Funny Funny (The Kitchen of Danger),Static
Wario Land II,Anyone for B-ball? - Boss Theme,Arqivus
Wario Land II,Bouncy Wario,Arqivus
Wario Land II,The Journey Home,Don Valentino
Wario Land: Super Mario Land 3,Kitchen Island,Don Valentino
Wario Land: Super Mario Land 3,Stage Theme I,Nine Lives
Advance Wars,Drake's Theme,Commander6
Advance Wars,Eagle's Theme,Thomas Wilson
Advance Wars 2: Black Hole Rising,Colin's Theme,Commander6
Advance Wars 2: Black Hole Rising,Ending Theme,Thomas Wilson
Advance Wars 2: Black Hole Rising,Hawke Theme,Thomas Wilson
Advance Wars 2: Black Hole Rising,Sensei's Theme,Commander6
Advance Wars 2: Black Hole Rising,Super CO Power,Thomas Wilson
Banjo-Kazooie: Grunty's Revenge,Breegull Beach,Jack
Banjo-Kazooie: Grunty's Revenge,Spiller's Harbor,The Deku Trombonist
Banjo-Pilot,Lava Track,Jack
Bomberman Tournament,Arctic Valley,The Deku Trombonist
Bomberman Tournament,Bomber Base,Don Valentino
Bomberman Tournament,Overworld,WiiMan96
Bomberman Tournament,Town,WiiMan96
Castlevania: Aria of Sorrow,Chapel,Commander6
Castlevania: Aria of Sorrow,Clocktower,Commander6
Castlevania: Aria of Sorrow,Demon Castle Study,Atcero
Castlevania: Aria of Sorrow,Phantom Palace (Inner Quarters),Atcero
Castlevania: Circle of the Moon,Aquarius,Atcero
Castlevania: Circle of the Moon,Awake,Atcero
Castlevania: Circle of the Moon,Fate To Despair,Commander6
Castlevania: Harmony of Dissonance,Clock Tower Casualty,Tobbeh99
Castlevania: Harmony of Dissonance,Clock Tower Casualty (Four Hands),Tobbeh99
Castlevania: Harmony of Dissonance,Dark Covenant (Theme of Death),Tobbeh99
Castlevania: Harmony of Dissonance,Incarnation of Darkness (Theme of Dracula),Tobbeh99
Castlevania: Harmony of Dissonance,Prologue (Theme of Maxim Kischine),Tobbeh99
Castlevania: Harmony of Dissonance,Successor of Fate (Theme of Juste Belmont),Tobbeh99
Castlevania: Harmony of Dissonance,Title Screen,Tobbeh99
Donkey Kong Country 3,Treetop Tumble,Joel Hands-Otte
Dragon Ball Z: The Legacy of Goku II,Goku's Home,Onionleaf
Fire Emblem: The Binding Blade,Beyond Distant Skies - Roy's Departure,Maelstrom
Fire Emblem: The Binding Blade,Dark Priestess,Pyre
Fire Emblem: The Binding Blade,Shaman in the Dark,Pyre
Fire Emblem: The Blazing Blade,Anguish,Jimbabwe
Fire Emblem: The Blazing Blade,Black Fang,Libera
Fire Emblem: The Blazing Blade,Distant Travels,Commander6
Fire Emblem: The Blazing Blade,Everything into the Dark,Libera
Fire Emblem: The Blazing Blade,Fortune-Telling,Jimbabwe
Fire Emblem: The Blazing Blade,Girl of the Plains: Lyn's Theme,Libera
Fire Emblem: The Blazing Blade,Going My Way,SlimyWyvern
Fire Emblem: The Blazing Blade,Lyn's Desire,Libera
Fire Emblem: The Blazing Blade,Reminiscence,3dward_3lric
Fire Emblem: The Blazing Blade,Requiem,Maelstrom
Fire Emblem: The Blazing Blade,Shadow Approaches,Libera
Fire Emblem: The Blazing Blade,Shattered Life,Libera
Fire Emblem: The Blazing Blade,Strike,Libera
Fire Emblem: The Blazing Blade,"Together, We Ride!",Maelstrom
Fire Emblem: The Sacred Stones,Combat Preparations,Maelstrom
Fire Emblem: The Sacred Stones,Comrades,Zeila
Fire Emblem: The Sacred Stones,Final Battle,Maelstrom
Fire Emblem: The Sacred Stones,Lost Heart,Libera
Fire Emblem: The Sacred Stones,Lyon,Pyre
Fire Emblem: The Sacred Stones,Lyon (Organ Arrangement),Pyre
Fire Emblem: The Sacred Stones,Rise Above,GC_Midnight
Fire Emblem: The Sacred Stones,The Prince's Despair,Pyre
Game & Watch Gallery 4,Title Screen,Nine Lives
Game Boy Advance BIOS,Startup,Th3Gavst3r
Golden Sun,Babi's Theme,Thomas Wilson
Golden Sun,Battle Theme,Thomas Wilson
Golden Sun,Battle! [Non-Adept],Onionleaf
Golden Sun,Battle! [Saturos],Petpetfood
Golden Sun,Colosso Battle,Thomas Wilson
Golden Sun,Colosso Starts!,Onionleaf
Golden Sun,Death,Thomas Wilson
Golden Sun,Fanfares Collection,Onionleaf
Golden Sun,Fusion Dragon Battle,Thomas Wilson
Golden Sun,Imil's Theme,Sam Waetford
Golden Sun,Ivan's Theme,Thomas Wilson
Golden Sun,Kalay,Thomas Wilson
Golden Sun,Kolima Forest,Jimbabwe
Golden Sun,Lalivero,Thomas Wilson
Golden Sun,McCoy's Palace,Onionleaf
Golden Sun,Menu Screen,Thomas Wilson
Golden Sun,Mercury Lighthouse,Thomas Wilson
Golden Sun,Oriental,Onionleaf
Golden Sun,Overworld,Sam Waetford
Golden Sun,Revive Party Member,Sam Waetford
Golden Sun,Saturos and Menardi,Fantastic Ike
Golden Sun,Saturos and Menardi Battle,Thomas Wilson
Golden Sun,Set Sail! Through the Karagol Sea,Onionleaf
Golden Sun,Suhalla Desert,Thomas Wilson
Golden Sun,The Elemental Stars,Onionleaf
Golden Sun,The Storm,Thomas Wilson
Golden Sun,Title Screen,Thomas Wilson
Golden Sun,Tolbi Docks,Thomas Wilson
Golden Sun,Tret Tree,Thomas Wilson
Golden Sun,Vale Town,Sam Waetford
Golden Sun,Venus Lighthouse,Maelstrom
Golden Sun,Victory Fanfare,Thomas Wilson
Golden Sun: The Lost Age,Agatio and Karst Encounter,Thomas Wilson
Golden Sun: The Lost Age,Air's Rock,Thomas Wilson
Golden Sun: The Lost Age,Alone,Thomas Wilson
Golden Sun: The Lost Age,Ankohl Ruins,Onionleaf
Golden Sun: The Lost Age,Apojii Islands,Onionleaf
Golden Sun: The Lost Age,Aqua Rock,Thomas Wilson
Golden Sun: The Lost Age,Boat Battle,Thomas Wilson
Golden Sun: The Lost Age,Caves,Sam Waetford
Golden Sun: The Lost Age,Children's Song,Thomas Wilson
Golden Sun: The Lost Age,Dehkan Plateau,Thomas Wilson
Golden Sun: The Lost Age,Doom Dragon Battle,Thomas Wilson
Golden Sun: The Lost Age,Epilogue,Thomas Wilson
Golden Sun: The Lost Age,Felix Battle,Thomas Wilson
Golden Sun: The Lost Age,Final Beacon,Thomas Wilson
Golden Sun: The Lost Age,Gaia Rock,Thomas Wilson
Golden Sun: The Lost Age,Garoh,Thomas Wilson
Golden Sun: The Lost Age,Jenna Battle Theme,Thomas Wilson
Golden Sun: The Lost Age,Jupiter Lighthouse,Thomas Wilson
Golden Sun: The Lost Age,Lemuria,Nocturne
Golden Sun: The Lost Age,Magma Rock,Jimbabwe
Golden Sun: The Lost Age,Mars Lighthouse,Thomas Wilson
Golden Sun: The Lost Age,Overworld 2,Sam Waetford
Golden Sun: The Lost Age,Prox,Thomas Wilson
Golden Sun: The Lost Age,Ship Sailing,Thomas Wilson
Golden Sun: The Lost Age,Super Lucky Dice,Thomas Wilson
Golden Sun: The Lost Age,The Golden Sun Rises,Thomas Wilson
Golden Sun: The Lost Age,Title Theme,Thomas Wilson
Golden Sun: The Lost Age,Village Theme,Sam Waetford
Golden Sun: The Lost Age,Yallam,Thomas Wilson
Hamtaro: Ham-Ham Heartbreak,Boo Manor,Altissimo
Hamtaro: Ham-Ham Heartbreak,Final Credits,Th3Gavst3r
Hamtaro: Ham-Ham Heartbreak,Sandy Bay,Code_Name_Geek
Hamtaro: Ham-Ham Heartbreak,Sandy Bay Island,Don Valentino
Harvest Moon: Friends of Mineral Town,Fall,Code_Name_Geek
Harvest Moon: Friends of Mineral Town,Summer,Code_Name_Geek
Harvest Moon: Friends of Mineral Town,Title Theme,Code_Name_Geek
Kingdom Hearts: Chain of Memories,Dearly Beloved,Echo
Kingdom Hearts: Chain of Memories,Sinister Sundown,Echo
Kingdom Hearts: Chain of Memories,The 13th Struggle,Echo
Kirby & The Amazing Mirror,Cabbage Cavern,tallonmetroid
Kirby & The Amazing Mirror,Candy Constellation,Altissimo
Kirby & The Amazing Mirror,Dark Meta Knight,Dekkadeci
Kirby & The Amazing Mirror,Olive Ocean,Rubikium
Kirby & The Amazing Mirror,Peppermint Palace,LeviR.star
Kirby & The Amazing Mirror,Radish Ruins,LeviR.star
Kirby & The Amazing Mirror,Rainbow Route,stellarlights24
Kirby: Nightmare in Dream Land,Main Menu,LeviR.star
Mario & Luigi: Superstar Saga,Beanbean Castle,Sebastian
Mario & Luigi: Superstar Saga,Boss Theme,Nocturne
Mario & Luigi: Superstar Saga,Cackletta Theme,Dimentio
Mario & Luigi: Superstar Saga,Castle Area,G-Han
Mario & Luigi: Superstar Saga,Castle Courtyard,Nintendude73
Mario & Luigi: Superstar Saga,Chucklehuck Woods,Nintendude73
Mario & Luigi: Superstar Saga,Come On!,Static
Mario & Luigi: Superstar Saga,Elemental Palace,Joel Hands-Otte
Mario & Luigi: Superstar Saga,File Select/Game Over,Dudeman
Mario & Luigi: Superstar Saga,Final Cackletta,Rubikium
Mario & Luigi: Superstar Saga,Gwarhar Lagoon,Nintendude73
Mario & Luigi: Superstar Saga,His Name is Fawful,Dudeman
Mario & Luigi: Superstar Saga,Hoohoo Village,Nintendude73
Mario & Luigi: Superstar Saga,Peach Misfortune,Onionleaf
Mario & Luigi: Superstar Saga,Rookie & Popple,Th3Gavst3r
Mario & Luigi: Superstar Saga,Seabed,Don Valentino
Mario & Luigi: Superstar Saga,Teehee Valley,Rain Shinotsu
Mario & Luigi: Superstar Saga,Title Theme,Nintendude73
Mario Golf: Advance Tour,Title,WiiMan96
Mario Kart: Super Circuit,Battle,WaluigiTime64
Mario Kart: Super Circuit,Bowser Castle,Fantastic Ike
Mario Kart: Super Circuit,Circuit,XiaoMigros
Mario Kart: Super Circuit,Credits,G-Han
Mario Kart: Super Circuit,Sky Garden,Latios212
Mario Kart: Super Circuit,Snow Land,WaluigiTime64
Mario Kart: Super Circuit,Sunset Wilds,Nine Lives
Mario Kart: Super Circuit,Yoshi Desert,Fantastic Ike
Mega Man Battle Network,Home Town,Echo
Mega Man Battle Network,Running Through the Cyber World,Echo
Mega Man Zero,EXPRESS UG,Commander6
Mega Man Zero,Resistance,Commander6
Mega Man Zero,Theme of ZERO (from Mega Man X),Commander6
Mega Man Zero,"X, The Legend",Jake_Luigi
Mega Man Zero 2,Gravity,Commander6
Mega Man Zero 2,Intro,G-Han
Mega Man Zero 2,Neo Arcadia II,Commander6
Mega Man Zero 2,Power Bom,Commander6
Mega Man Zero 3,Cannon Ball,Commander6
Mega Man Zero 3,Hell's Gate Open,Commander6
Mega Man Zero 3,High-Speed Lift,Commander6
Mega Man Zero 3,Reborn Mechanics,Commander6
Mega Man Zero 3,Trail on Powdery Snow,Commander6
Mega Man Zero 3,Volcano,Commander6
Mega Man Zero 4,Power Field,Jake_Luigi
Metroid Fusion,Final Mission,MetroidHunter26
Metroid Fusion,VS. Nightmare,Libera
Metroid: Zero Mission,Chozo Guide,MetroidHunter26
Metroid: Zero Mission,Kraid's Hideout,MetroidHunter26
Metroid: Zero Mission,Reflecting on Memories Past,Olimar12345
Metroid: Zero Mission,Title Screen,MetroidHunter26
Mother 3,16 Melodies (Beginning),Maelstrom
Mother 3,"A Tiny, Enormous Miracle",seagaia
Mother 3,Beyond the Sunshine Forest,Maelstrom
Mother 3,Cumbersome Guys,Don Valentino
Mother 3,F-F-Fire!,Don Valentino
Mother 3,Fate,Don Valentino
Mother 3,Forest of Flames,ThatHiddenCharacter
Mother 3,Gentle Rain,Don Valentino
Mother 3,"Letter From You, My Sweet",Don Valentino
Mother 3,Magypsy Party,Tranzlater
Mother 3,Memory of Life,Radiak488417
Mother 3,Mind of a Thief,seagaia
Mother 3,Monkey's Love Song,Don Valentino
Mother 3,Mother 3 Love Theme,Maelstrom
Mother 3,Murasaki Forest,Static
Mother 3,Open Sesame Oil! / Open Sesame Tofu!,Don Valentino
Mother 3,Rock 'n' Roll (Spicy),shadowkirby
Mother 3,Serious,Don Valentino
Mother 3,Shower Time Ballad,Don Valentino
Mother 3,Smashing Song of Praise,Maelstrom
Mother 3,"Somewhere, Someday",Don Valentino
Mother 3,Title Theme,shadowkirby
Mother 3,Unfounded Revenge,Maelstrom
Mother 3,Volcano! Inferno!,Francesca Minasi
Pokémon Emerald Version,Battle Pike,Latios212
Pokémon Emerald Version,Rayquaza Appears!,Th3Gavst3r
Pokémon FireRed Version & Pokémon LeafGreen Version,Ending Theme,JDMEK5
Pokémon FireRed Version & Pokémon LeafGreen Version,Pallet Town Theme,Bespinben
Pokémon Ruby Version & Pokémon Sapphire Version,Abandoned Ship,GreekGeek
Donkey Kong Country,Forest Frenzy,WiiMan96
Pokémon Ruby Version & Pokémon Sapphire Version,Battle Tower,Latios212
Pokémon Ruby Version & Pokémon Sapphire Version,Battle! (Brendan/May),Latios212
Pokémon Ruby Version & Pokémon Sapphire Version,Battle! (Elite Four),Echo
Pokémon Ruby Version & Pokémon Sapphire Version,Battle! (Regirock/Regice/Registeel),JDMEK5
Pokémon Ruby Version & Pokémon Sapphire Version,Battle! (Steven),Jompa
Pokémon Ruby Version & Pokémon Sapphire Version,Battle! (Super-Ancient Pokémon),Pianist Da Sootopolis
Pokémon Ruby Version & Pokémon Sapphire Version,Battle! (Trainer Battle),JDMEK5
Pokémon Ruby Version & Pokémon Sapphire Version,Battle! (Wild Pokémon),Nana1Popo2
Pokémon Ruby Version & Pokémon Sapphire Version,Crossing the Sea,DuskPiano
Pokémon Ruby Version & Pokémon Sapphire Version,Cycling (Four Hands),amc
Pokémon Ruby Version & Pokémon Sapphire Version,Dewford Town,Don Valentino
Pokémon Ruby Version & Pokémon Sapphire Version,Drought,Joel Hands-Otte
Pokémon Ruby Version & Pokémon Sapphire Version,Ending Theme,dahans
Pokémon Ruby Version & Pokémon Sapphire Version,Ever Grande City,Latios212
Pokémon Ruby Version & Pokémon Sapphire Version,Fallarbor Town,DrP
Harvest Moon 2 GBC,Spring,Code_Name_Geek
Infinity,Inconvenient Nuisances,Static
Kirby Tilt 'n' Tumble,Underground,LeviR.star
Mario Golf,Bogey,MoldyPond
Mario Golf,Caddie Master's Office,Stamen47
Mario Golf,Director's Room,Stamen47
Mario Golf,Intro,Stamen47
Mario Golf,Marion Clubhouse,Stamen47
Mario Golf,Playing Golf 1,Stamen47
Mario Golf,Playing Golf 2,Stamen47
Mario Tennis,Courtyard,Nine Lives
Mario Tennis,Dormitory,Nine Lives
Mario Tennis,Junior Class Match,Nine Lives
Mario Tennis,Menu,Nine Lives
Pokémon Card GB2: Here Comes Team GR!,Duel vs. Team GR,Olimar12345
Pokémon Ruby Version & Pokémon Sapphire Version,Fortree City,DrP
Pokémon Ruby Version & Pokémon Sapphire Version,Heavy Rain,DuskPiano
Pokémon Ruby Version & Pokémon Sapphire Version,Lilycove City,Latios212
Pokémon Ruby Version & Pokémon Sapphire Version,Littleroot Town,dajwxp
Pokémon Ruby Version & Pokémon Sapphire Version,Littleroot Town (Two Pianos),dahans
Pokémon Ruby Version & Pokémon Sapphire Version,Mt. Pyre,Latios212
Pokémon Ruby Version & Pokémon Sapphire Version,Mt. Pyre Exterior,Joel Hands-Otte
Pokémon Ruby Version & Pokémon Sapphire Version,Museum,DrP
Pokémon Ruby Version & Pokémon Sapphire Version,Oceanic Museum (Two Pianos),Latios212
Pokémon Ruby Version & Pokémon Sapphire Version,Oldale Town,Latios212
Pokémon Ruby Version & Pokémon Sapphire Version,Petalburg City,Latios212
Pokémon Ruby Version & Pokémon Sapphire Version,Petalburg Woods,Th3Gavst3r
Pokémon Ruby Version & Pokémon Sapphire Version,Poké Mart,GreekGeek
Pokémon Ruby Version & Pokémon Sapphire Version,Pokémon Contest!,Nana1Popo2
Pokémon Card GB2: Here Comes Team GR!,To a New Island,Don Valentino
Pokémon Crystal Version,Battle Tower (Johto),Th3Gavst3r
Pokémon Crystal Version,Battle Tower Reception Desk,Latios212
Pokémon Crystal Version,Battle! (Suicune),Dudeman
Pokémon Crystal Version,Clair,Tobbeh99
Pokémon Crystal Version,Clair (Four Hands),Tobbeh99
Pokémon Crystal Version,Eusine,Magic Mole
Pokémon Crystal Version,Mobile Adapter 1,Magic Mole
Pokémon Crystal Version,Mobile Adapter 2,Th3Gavst3r
Pokémon Crystal Version,Opening Movie,Th3Gavst3r
Pokémon Crystal Version,Pokégear Radio: Buena's Password,Oronoco
Pokémon Crystal Version,Pokémon Communication Center,Latios212
Pokémon Crystal Version,Title Screen,Altissimo
Pokémon Gold Version & Pokémon Silver Version,A Rival Appears!,Altissimo
Pokémon Ruby Version & Pokémon Sapphire Version,Pokémon Healed,CLBGM
Pokémon Ruby Version & Pokémon Sapphire Version,Route 101,Latios212
Pokémon Ruby Version & Pokémon Sapphire Version,Route 104,Altissimo
Pokémon Ruby Version & Pokémon Sapphire Version,Route 110,Latios212
Pokémon Ruby Version & Pokémon Sapphire Version,Route 111,Tangy
Pokémon Ruby Version & Pokémon Sapphire Version,Route 111 (Two Pianos),Joel Hands-Otte
Pokémon Ruby Version & Pokémon Sapphire Version,Route 120,DrP
Pokémon Ruby Version & Pokémon Sapphire Version,Sealed Chamber (Four Hands),JDMEK5
Pokémon Ruby Version & Pokémon Sapphire Version,Slateport City,Th3Gavst3r
Pokémon Ruby Version & Pokémon Sapphire Version,Sootopolis City,Joel Hands-Otte
Pokémon Ruby Version & Pokémon Sapphire Version,Surf,Altissimo
Pokémon Ruby Version & Pokémon Sapphire Version,The End,Latios212
Pokémon Ruby Version & Pokémon Sapphire Version,The Trick House,Latios212
Pokémon Ruby Version & Pokémon Sapphire Version,Trainers' School,Don Valentino
Pokémon Ruby Version & Pokémon Sapphire Version,Verdanturf Town,Echo
Pokémon Gold Version & Pokémon Silver Version,A Rival Appears! (Version 2),Altissimo
Pokémon Gold Version & Pokémon Silver Version,An Adventure Begins!,HugoMeister
Pokémon Gold Version & Pokémon Silver Version,Azalea Town,Thomas Wilson
Pokémon Gold Version & Pokémon Silver Version,Battle! (Champion),HugoMeister
Pokémon Gold Version & Pokémon Silver Version,Battle! (Gym Leader—Johto Version),Dudeman
Pokémon Gold Version & Pokémon Silver Version,Battle! (Gym Leader—Kanto Version),Dudeman
Pokémon Gold Version & Pokémon Silver Version,Battle! (Rival),Tangy
Pokémon Gold Version & Pokémon Silver Version,Battle! (Team Rocket),Dudeman
Pokémon Gold Version & Pokémon Silver Version,Battle! (Trainer Battle—Johto Version),JDMEK5
Pokémon Gold Version & Pokémon Silver Version,Battle! (Trainer Battle—Kanto Version),Dudeman
Pokémon Gold Version & Pokémon Silver Version,Battle! (Wild Pokémon—Johto Version),Bespinben
Pokémon Gold Version & Pokémon Silver Version,Bicycle,DrP
Pokémon Gold Version & Pokémon Silver Version,Burned Tower,Thomas Wilson
Pokémon Gold Version & Pokémon Silver Version,Celadon City,JDMEK5
Pokémon Ruby Version & Pokémon Sapphire Version,Victory Road,Tobbeh99
Pokémon Ruby Version & Pokémon Sapphire Version,Victory! (Wild Pokémon),Nana1Popo2
Rhythm Tengoku,Night Walk,Latios212
Rhythm Tengoku,Sneaky Spirits,WaluigiTime64
Super Mario Advance,Bonus Stage (Mario Bros. Classic),Don Valentino
Super Mario Advance,Game Select,Don Valentino
Super Mario Advance,Inside a Jar,Don Valentino
Super Mario Advance,Mario Bros. Classic,Don Valentino
Super Mario Advance,Yoshi Egg Challenge,Don Valentino
Super Mario Advance 4: Super Mario Bros. 3,World-e,LeviR.star
Tactics Ogre: The Knight of Lodis,Angel's Headstone,Renaud Bergeron
Tactics Ogre: The Knight of Lodis,Battle BGM 5,Renaud Bergeron
Tactics Ogre: The Knight of Lodis,Battle BGM 7,Renaud Bergeron
The Legend of Zelda: A Link to the Past and Four Swords,Chambers of Insight,Don Valentino
The Legend of Zelda: A Link to the Past and Four Swords,Sea of Trees,Cashwarrior1
Pokémon Gold Version & Pokémon Silver Version,Cherrygrove City,Latios212
Pokémon Gold Version & Pokémon Silver Version,Dragon's Den,Thomas Wilson
Pokémon Gold Version & Pokémon Silver Version,Ecruteak City,Echo
Pokémon Gold Version & Pokémon Silver Version,Ecruteak Dance Theater,Thomas Wilson
Pokémon Gold Version & Pokémon Silver Version,Elm Pokémon Lab,Thomas Wilson
Pokémon Gold Version & Pokémon Silver Version,Ending,Oronoco
Pokémon Gold Version & Pokémon Silver Version,Evolution,Th3Gavst3r
Pokémon Gold Version & Pokémon Silver Version,Fanfares Collection,Th3Gavst3r
Pokémon Gold Version & Pokémon Silver Version,Goldenrod City,Thomas Wilson
Pokémon Gold Version & Pokémon Silver Version,Goldenrod Game Corner,Dudeman
Pokémon Gold Version & Pokémon Silver Version,Hurry Along,Latios212
Pokémon Gold Version & Pokémon Silver Version,Hurry Along 2,Altissimo
Pokémon Gold Version & Pokémon Silver Version,Ice Path,Echo
Pokémon Gold Version & Pokémon Silver Version,Lavender Town,Tangy
Pokémon Gold Version & Pokémon Silver Version,Magnet Train,Latios212
Pokémon Gold Version & Pokémon Silver Version,Mt. Moon,Don Valentino
Pokémon Gold Version & Pokémon Silver Version,National Park,The Deku Trombonist
Pokémon Gold Version & Pokémon Silver Version,New Bark Town,Echo
Pokémon Gold Version & Pokémon Silver Version,Olivine Lighthouse,Altissimo
The Legend of Zelda: The Minish Cap,Adventurer's Spring,Latios212
The Legend of Zelda: The Minish Cap,Cloud Tops,dajwxp
The Legend of Zelda: The Minish Cap,Dark Hyrule Castle,Zeila
The Legend of Zelda: The Minish Cap,Ezlo Appears,NocturneOfShadow
The Legend of Zelda: The Minish Cap,Flashback,MoldyPond
The Legend of Zelda: The Minish Cap,Game Over,Don Valentino
The Legend of Zelda: The Minish Cap,House,braix
The Legend of Zelda: The Minish Cap,Hyrule Castle,Don Valentino
The Legend of Zelda: The Minish Cap,Into the Skies,Don Valentino
The Legend of Zelda: The Minish Cap,Minigame,Zeila
The Legend of Zelda: The Minish Cap,Minish Village,Don Valentino
The Legend of Zelda: The Minish Cap,Minish Woods,Cashwarrior1
The Legend of Zelda: The Minish Cap,Mt. Crenel,NocturneOfShadow
The Legend of Zelda: The Minish Cap,Palace of Winds,Nintendude73
Pokémon Gold Version & Pokémon Silver Version,Opening Movie,Altissimo
Pokémon Gold Version & Pokémon Silver Version,Pallet Town,Altissimo
Pokémon Gold Version & Pokémon Silver Version,Pewter City,DrP
Pokémon Gold Version & Pokémon Silver Version,Pokégear Radio: Poké Flute,Latios212
Pokémon Gold Version & Pokémon Silver Version,Pokégear Radio: Pokémon Channel,Th3Gavst3r
Pokémon Gold Version & Pokémon Silver Version,Pokégear Radio: Pokémon Lullaby,The Deku Trombonist
Pokémon Gold Version & Pokémon Silver Version,Pokégear Radio: Pokémon March,Altissimo
Pokémon Gold Version & Pokémon Silver Version,Pokégear Radio: Professor Oak’s Pokémon Talk,Latios212
Pokémon Gold Version & Pokémon Silver Version,Pokémon Center,Altissimo
Pokémon Gold Version & Pokémon Silver Version,Pokémon Gym,Dudeman
Pokémon Gold Version & Pokémon Silver Version,Professor Oak,Thomas Wilson
Pokémon Gold Version & Pokémon Silver Version,Radio Tower Occupied!,Thomas Wilson
Pokémon Gold Version & Pokémon Silver Version,Rock Tunnel,Latios212
Pokémon Gold Version & Pokémon Silver Version,Route 1,Latios212
Pokémon Gold Version & Pokémon Silver Version,Route 11,braix
The Legend of Zelda: The Minish Cap,Peace Returns,Onionleaf
The Legend of Zelda: The Minish Cap,Picori Festival,Latios212
The Legend of Zelda: The Minish Cap,Picori Festival (Four Hands),Don Valentino
The Legend of Zelda: The Minish Cap,Princess Zelda,Lkjhgfdsa_77
The Legend of Zelda: The Minish Cap,Quest Begins,JDMEK5
The Legend of Zelda: The Minish Cap,Rainy Mt. Crenel,NocturneOfShadow
The Legend of Zelda: The Minish Cap,Story,Don Valentino
The Legend of Zelda: The Minish Cap,Syrup the Witch,Nintendude73
The Legend of Zelda: The Minish Cap,Temple of Droplets,Don Valentino
Wario Land 4,Crescent Moon Village,Nine Lives
Wario Land 4,Hall of Hieroglyphs,Don Valentino
Wario Land 4,Monsoon Jungle,Yug Guy
Wario Land 4,Mystic Lake,Yug Guy
Wario Land 4,The Big Board,quiggly650
Wario Land 4,Toy Block Tower,The Deku Trombonist
Pokémon Gold Version & Pokémon Silver Version,Route 26,Latios212
Pokémon Gold Version & Pokémon Silver Version,Route 29,Altissimo
Pokémon Gold Version & Pokémon Silver Version,Route 3,Altissimo
Pokémon Gold Version & Pokémon Silver Version,Route 30,Latios212
Pokémon Gold Version & Pokémon Silver Version,Route 34,Altissimo
Pokémon Gold Version & Pokémon Silver Version,Route 38,Altissimo
Pokémon Gold Version & Pokémon Silver Version,Route 42,Latios212
Pokémon Gold Version & Pokémon Silver Version,Ruins of Alph,Th3Gavst3r
Pokémon Gold Version & Pokémon Silver Version,S.S. Aqua,Magic Mole
Pokémon Gold Version & Pokémon Silver Version,Sprout Tower,dahans
Pokémon Gold Version & Pokémon Silver Version,Surf,Echo
Pokémon Gold Version & Pokémon Silver Version,Team Rocket HQ,Zeila
Pokémon Gold Version & Pokémon Silver Version,The Bug-Catching Contest,Altissimo
Pokémon Gold Version & Pokémon Silver Version,The Bug-Catching Contest Begins!,Latios212
Pokémon Gold Version & Pokémon Silver Version,THE END,Oronoco
Pokémon Gold Version & Pokémon Silver Version,The Hall of Fame,JDMEK5
Pokémon Gold Version & Pokémon Silver Version,The Pokémon League,Altissimo
Pokémon Gold Version & Pokémon Silver Version,Tin Tower,Altissimo
Pokémon Gold Version & Pokémon Silver Version,Title Screen,Altissimo
Pokémon Gold Version & Pokémon Silver Version,Trainers' Eyes Meet (Boy 1),Tobbeh99
Pokémon Gold Version & Pokémon Silver Version,Trainers' Eyes Meet (Boy 2),Latios212
Pokémon Gold Version & Pokémon Silver Version,Trainers' Eyes Meet (Girl 1),Tobbeh99
Pokémon Gold Version & Pokémon Silver Version,Trainers' Eyes Meet (Girl 2),Saria
Pokémon Gold Version & Pokémon Silver Version,Trainers' Eyes Meet (Kimono Girl),Tobbeh99
Pokémon Gold Version & Pokémon Silver Version,Trainers' Eyes Meet (Sage),Tobbeh99
Pokémon Gold Version & Pokémon Silver Version,Trainers' Eyes Meet (Suspicious Figure 1),Tobbeh99
Pokémon Gold Version & Pokémon Silver Version,Trainers' Eyes Meet (Suspicious Figure 2),Tobbeh99
Pokémon Gold Version & Pokémon Silver Version,Trainers' Eyes Meet (Team Rocket),Jordan Knapp
Pokémon Gold Version & Pokémon Silver Version,Union Cave,Th3Gavst3r
Pokémon Gold Version & Pokémon Silver Version,Vermilion City,Altissimo
Pokémon Gold Version & Pokémon Silver Version,Victory Road,Altissimo
Pokémon Gold Version & Pokémon Silver Version,Victory! (Gym Leader),Dudeman
Pokémon Gold Version & Pokémon Silver Version,Victory! (Trainer Battle),Latios212
Pokémon Gold Version & Pokémon Silver Version,Victory! (Wild Pokémon),Latios212
Pokémon Gold Version & Pokémon Silver Version,Violet City,Altissimo
Pokémon Gold Version & Pokémon Silver Version,Viridian Forest,braix
Pokémon Pinball,Catch 'Em and Evolution Mode in Red Field,FierceDeity
Pokémon Pinball,Field Select,FierceDeity
Pokémon Pinball,Gastly in the Graveyard,Th3Gavst3r
Pokémon Pinball,Haunter in the Graveyard,Th3Gavst3r
Pokémon Pinball,Options,Th3Gavst3r
Pokémon Pinball,Pokédex,FierceDeity
Pokémon Pinball,Red Field Theme,FierceDeity
Pokémon Pinball,Title Screen,Th3Gavst3r
Animal Crossing: New Leaf,10:00 A.M.,Sebastian
Pokémon Puzzle Challenge,Cherrygrove City/Mahogany Town,Nine Lives
Pokémon Trading Card Game,Duel,Olimar12345
Pokémon Trading Card Game,Title Screen,Thomas Wilson
Pokémon Trading Card Game,"Water, Rock, and Psychic Clubs",Bubbles
Scooby-Doo! Classic Creep Capers,Chapter 1 - It's a Mystery,Th3Gavst3r
Scooby-Doo! Classic Creep Capers,Chapter 1 Intro,Th3Gavst3r
Shantae,Burning Town,WandringMinstrel
The Legend of Zelda: Oracle of Ages & The Legend of Zelda: Oracle of Seasons,A Date with Rosa,Thomas Wilson
The Legend of Zelda: Oracle of Ages & The Legend of Zelda: Oracle of Seasons,Boss Battle!,Dudeman
The Legend of Zelda: Oracle of Ages & The Legend of Zelda: Oracle of Seasons,Din's Dance,Don Valentino
Animal Crossing: New Leaf,10:00 P.M.,Sebastian
Animal Crossing: New Leaf,11:00 A.M.,Sebastian
Animal Crossing: New Leaf,11:00 P.M.,Bubbles
Animal Crossing: New Leaf,12:00 P.M.,Sebastian
Animal Crossing: New Leaf,1:00 A.M.,Sebastian
Animal Crossing: New Leaf,1:00 P.M.,Jordan Knapp
Animal Crossing: New Leaf,2:00 A.M.,Sebastian
Animal Crossing: New Leaf,2:00 P.M.,Sebastian
Animal Crossing: New Leaf,3:00 A.M.,Sebastian
Animal Crossing: New Leaf,3:00 P.M.,Sebastian
Animal Crossing: New Leaf,4:00 A.M.,Sebastian
Animal Crossing: New Leaf,4:00 P.M.,Sebastian
Animal Crossing: New Leaf,5:00 A.M.,Sebastian
Animal Crossing: New Leaf,5:00 P.M.,Olimar12345
The Legend of Zelda: Oracle of Ages & The Legend of Zelda: Oracle of Seasons,Explorer's Crypt,Dudeman
The Legend of Zelda: Oracle of Ages & The Legend of Zelda: Oracle of Seasons,Fairy's Fountain,Don Valentino
The Legend of Zelda: Oracle of Ages & The Legend of Zelda: Oracle of Seasons,Fairy's Fountain and Impa's Odd Arrival,Leftie
The Legend of Zelda: Oracle of Ages & The Legend of Zelda: Oracle of Seasons,"Ganon, King of Evil",Don Valentino
The Legend of Zelda: Oracle of Ages & The Legend of Zelda: Oracle of Seasons,Hero's Cave,Dudeman
The Legend of Zelda: Oracle of Ages & The Legend of Zelda: Oracle of Seasons,Horon Village,Don Valentino
The Legend of Zelda: Oracle of Ages & The Legend of Zelda: Oracle of Seasons,House,Don Valentino
The Legend of Zelda: Oracle of Ages & The Legend of Zelda: Oracle of Seasons,Jabu Jabu's Belly,Winter
The Legend of Zelda: Oracle of Ages & The Legend of Zelda: Oracle of Seasons,Level 1 (Gnarled Root Dungeon),Tobbeh99
The Legend of Zelda: Oracle of Ages & The Legend of Zelda: Oracle of Seasons,Level 2 (Wing Dungeon),Dudeman
The Legend of Zelda: Oracle of Ages & The Legend of Zelda: Oracle of Seasons,Level 4 (Dancing Dragon Dungeon),Tobbeh99
The Legend of Zelda: Oracle of Ages & The Legend of Zelda: Oracle of Seasons,Level 6 (Ancient Ruins),Dudeman
The Legend of Zelda: Oracle of Ages & The Legend of Zelda: Oracle of Seasons,Lynna City,Jimbabwe
The Legend of Zelda: Oracle of Ages & The Legend of Zelda: Oracle of Seasons,Maku Path,Don Valentino
Animal Crossing: New Leaf,6:00 A.M.,Sebastian
Animal Crossing: New Leaf,7:00 A.M.,Sebastian
Animal Crossing: New Leaf,7:00 P.M.,Sebastian
Animal Crossing: New Leaf,8:00 A.M.,Sebastian
Animal Crossing: New Leaf,8:00 P.M.,The Deku Trombonist
Animal Crossing: New Leaf,9:00 A.M.,Sebastian
Animal Crossing: New Leaf,9:00 P.M.,Sebastian
Animal Crossing: New Leaf,Being Chased by a Bee,Sebastian
Animal Crossing: New Leaf,Bubblegum K.K.,Sebastian
Animal Crossing: New Leaf,Bubblegum K.K. (Aircheck),Sebastian
The Legend of Zelda: Oracle of Ages & The Legend of Zelda: Oracle of Seasons,Nayru's Song,Don Valentino
The Legend of Zelda: Oracle of Ages & The Legend of Zelda: Oracle of Seasons,Poison Moth's Lair,Don Valentino
The Legend of Zelda: Oracle of Ages & The Legend of Zelda: Oracle of Seasons,Ralph's Theme,Leftie
The Legend of Zelda: Oracle of Ages & The Legend of Zelda: Oracle of Seasons,Sadness,Tobbeh99
The Legend of Zelda: Oracle of Ages & The Legend of Zelda: Oracle of Seasons,Samasa Desert,Tobbeh99
The Legend of Zelda: Oracle of Ages & The Legend of Zelda: Oracle of Seasons,Sea of No Return/Skull Pirate Departure,MoldyPond
The Legend of Zelda: Oracle of Ages & The Legend of Zelda: Oracle of Seasons,Secrets of the Oracles,Don Valentino
The Legend of Zelda: Oracle of Ages & The Legend of Zelda: Oracle of Seasons,Skull Dungeon,Dekudude
The Legend of Zelda: Oracle of Ages & The Legend of Zelda: Oracle of Seasons,Skull Pirates,Don Valentino
The Legend of Zelda: Oracle of Ages & The Legend of Zelda: Oracle of Seasons,Snake's Remains,Dudeman
The Legend of Zelda: Oracle of Ages & The Legend of Zelda: Oracle of Seasons,Subrosia,Thomas Wilson
The Legend of Zelda: Oracle of Ages & The Legend of Zelda: Oracle of Seasons,Subrosia Dance,PikaLink1
The Legend of Zelda: Oracle of Ages & The Legend of Zelda: Oracle of Seasons,Subrosian Market,Don Valentino
The Legend of Zelda: Oracle of Ages & The Legend of Zelda: Oracle of Seasons,Sunken City,Don Valentino
Animal Crossing: New Leaf,Bubblegum K.K. (Music Box),Sebastian
Animal Crossing: New Leaf,Club LOL,Tobbeh99
Animal Crossing: New Leaf,Fireworks,Sebastian
Animal Crossing: New Leaf,Fortune Shop,Sebastian
Animal Crossing: New Leaf,Hypno K.K.,Tobbeh99
Animal Crossing: New Leaf,Hypno K.K. (Aircheck),Tobbeh99
Animal Crossing: New Leaf,Hypno K.K. (Music Box),Tobbeh99
Animal Crossing: New Leaf,Igloo,Sebastian
Animal Crossing: New Leaf,K.K. Adventure (Aircheck),AwesomeYears
Animal Crossing: New Leaf,K.K. Bazaar,Tobbeh99
Animal Crossing: New Leaf,K.K. Bazaar (Aircheck),Tobbeh99
Animal Crossing: New Leaf,K.K. Bazaar (Music Box),Tobbeh99
Animal Crossing: New Leaf,K.K. Birthday,TheMarioPianist
Animal Crossing: New Leaf,K.K. Birthday (Aircheck),TheMarioPianist
Animal Crossing: New Leaf,K.K. Birthday (Music Box),TheMarioPianist
The Legend of Zelda: Oracle of Ages & The Legend of Zelda: Oracle of Seasons,Sword and Shield Maze,Dudeman
The Legend of Zelda: Oracle of Ages & The Legend of Zelda: Oracle of Seasons,Tarm Ruins/Lost Woods,Dudeman
The Legend of Zelda: Oracle of Ages & The Legend of Zelda: Oracle of Seasons,Temple of Seasons,Don Valentino
The Legend of Zelda: Oracle of Ages & The Legend of Zelda: Oracle of Seasons,Two Quests of the Triforce,Don Valentino
The Legend of Zelda: Oracle of Ages & The Legend of Zelda: Oracle of Seasons,Under the Sea,Dudeman
The Legend of Zelda: Oracle of Ages & The Legend of Zelda: Oracle of Seasons,Unicorn's Cave,Dudeman
The Legend of Zelda: Oracle of Ages & The Legend of Zelda: Oracle of Seasons,Zelda Awakens,Tobbeh99
Wario Land 3,"Colossal Hole, Cave of Flames",Nine Lives
Wario Land 3,Map Screen (Daytime),Cryo
Wario Land 3,The Frigid Sea,Cryo
Animal Crossing: New Leaf,K.K. Disco,TheMarioPianist
Animal Crossing: New Leaf,K.K. Disco (Aircheck),TheMarioPianist
Animal Crossing: New Leaf,K.K. Disco (Music Box),TheMarioPianist
Animal Crossing: New Leaf,K.K. Island (Aircheck),ThatGamer
Animal Crossing: New Leaf,K.K. Jongara,Sebastian
Animal Crossing: New Leaf,K.K. Jongara (Aircheck),AwesomeYears
Animal Crossing: New Leaf,K.K. Moody,Devster44
Animal Crossing: New Leaf,K.K. Stroll,Tobbeh99
Animal Crossing: New Leaf,K.K. Stroll (Aircheck),Tobbeh99
Animal Crossing: New Leaf,K.K. Stroll (Music Box),Tobbeh99
Animal Crossing: New Leaf,Loading the Game (Isabelle),Tobbeh99
Animal Crossing: New Leaf,Main Street by Day,Olimar12345
Animal Crossing: New Leaf,Main Theme,Tobbeh99
Wario Land 3,Tidal Coast,FierceDeity
Animal Crossing: New Leaf,Museum & Exhibit Room,Tobbeh99
Animal Crossing: New Leaf,New Year's Day,Sebastian
Animal Crossing: New Leaf,Nook's Homes,Latios212
Animal Crossing: New Leaf,Police Station,Sebastian
Animal Crossing: New Leaf,Space K.K.,Tobbeh99
Animal Crossing: New Leaf,Space K.K. (Aircheck),Tobbeh99
Animal Crossing: New Leaf,Space K.K. (Music Box),Tobbeh99
Animal Crossing: New Leaf,Town Hall,FireArrow
Animal Crossing: New Leaf,Toy Day (Christmas),Tobbeh99
Animal Crossing: New Leaf,Welcome to Our Village (Not the Mayor),Bubbles
Bravely Default,Baby Bird,Libera
Bravely Default,Beneath The Hollow Moon,Code_Name_Geek
Bravely Default,Cave of Darkness,Maelstrom
Bravely Default,Instant of Eternity,Maelstrom
Bravely Default,Love's Vagrant,Maelstrom
Bravely Default,Serpent Devouring the Horizon,Maelstrom
Bravely Default,The Immortal Country,Libera
Bravely Default,Victory's Delight,Maelstrom
Bravely Default,Wicked Flight,Latios212
Fantasy Life,Night of the Great Plains,AwesomeYears
Fantasy Life,Peaceful Night at Town,AwesomeYears
Fire Emblem Awakening,"""......""",Libera
Fire Emblem Awakening,"""Agh! Won goph in mah mouph! Blech! Ptooey!""",Libera
Fire Emblem Awakening,"""And what if I can't? What if I'm not worthy of her ideals?""",Libera
Fire Emblem Awakening,"""Open for business!""",Maelstrom
Fire Emblem Awakening,"""The Vaike never forgets! I just don't always remember.""",Libera
Fire Emblem Awakening,"""We'd best prepare for combat, just to be safe.""",Onionleaf
Fire Emblem Awakening,"""You may call me Marth.""",Echo
Fire Emblem Awakening,Chaos,Maelstrom
Fire Emblem Awakening,Destiny,Maelstrom
Fire Emblem Awakening,Divine Decree,Libera
Fire Emblem Awakening,Duty,Libera
Fire Emblem Awakening,Id (Dilemma),Zeila
Fire Emblem Awakening,Id (Purpose),Maelstrom
Fire Emblem Awakening,Id (Serenity),Maelstrom
Fire Emblem Awakening,Id (Sorrow),Maelstrom
Fire Emblem Awakening,Main Theme (Title),Latios212
Fire Emblem Echoes: Shadows of Valentia,Echoes,Latios212
Fire Emblem Echoes: Shadows of Valentia,In a Silver Garden with You,Libera
Fire Emblem Echoes: Shadows of Valentia,The Heritors of Arcadia,Libera
Fire Emblem Echoes: Shadows of Valentia,The Voice That Calls You,Libera
Fire Emblem Echoes: Shadows of Valentia,Title Loop,Libera
Fire Emblem Echoes: Shadows of Valentia,Truth,Libera
Fire Emblem Echoes: Shadows of Valentia,Where the Wind Rustles,Libera
Fire Emblem Fates,A Dark Fall,Libera
Fire Emblem Fates,A Lady's Mirror,Libera
Fire Emblem Fates,As All Stars Fall,Libera
Fire Emblem Fates,Bubbles,Libera
Fire Emblem Fates,Curious Dining,Libera
Fire Emblem Fates,Desire Below,Libera
Fire Emblem Fates,Destiny by Blood,Libera
Fire Emblem Fates,End of All,Libera
Fire Emblem Fates,Fantastical Feast,Libera
Fire Emblem Fates,Far Away,Libera
Fire Emblem Fates,Knowledge,Libera
Fire Emblem Fates,Lament,Libera
Fire Emblem Fates,Lost in Thoughts All Alone,Renaud Bergeron
Fire Emblem Fates,Premonition,Latios212
Fire Emblem Fates,Road Taken,Latios212
Fire Emblem Fates,The Water Maiden,Latios212
Kid Icarus: Uprising,Destroyed Skyworld,Maelstrom
Kid Icarus: Uprising,In the Space Pirate Ship,Cashwarrior1
Kid Icarus: Uprising,Ruins of the Temple,Cashwarrior1
Kingdom Hearts 3D: Dream Drop Distance,Xigbar,Don Valentino
Kirby Battle Royale,Apple Scramble,Latios212
Kirby's Extra Epic Yarn,Devilish Mode,LeviR.star
Kirby: Planet Robobot,Gorgeous-Go-Round (Casino Area),LeviR.star
Kirby: Planet Robobot,Time for Dessert!,Rubikium
Kirby: Planet Robobot,VS. Star Dream,Zeila
Kirby: Triple Deluxe,Moonlight Capital,LeviR.star
Kirby: Triple Deluxe,Reflected Laughter,Kricketune54
Lord of Magna: Maiden Heaven,Artemis,Olimar12345
Lord of Magna: Maiden Heaven,"Badump, Badump!",Olimar12345
Lord of Magna: Maiden Heaven,Determination,Olimar12345
Lord of Magna: Maiden Heaven,Secrecy,Olimar12345
Lord of Magna: Maiden Heaven,Title Theme,Olimar12345
Luigi's Mansion: Dark Moon,Catching Ghosts 3,LeviR.star
Luigi's Mansion: Dark Moon,Ghostly Piano,Don Valentino
Luigi's Mansion: Dark Moon,Gloomy Manor,E. Gadd Industries
Luigi's Mansion: Dark Moon,Scarescraper,Sebastian
Luigi's Mansion: Dark Moon,Secret Mine,LeviR.star
Luigi's Mansion: Dark Moon,Sticky Situation,BrainyLucario
Luigi's Mansion: Dark Moon,Title Theme,Jordan Knapp
Mario & Luigi: Dream Team,Breezy Mushrise Park,InsigTurtle
Mario & Luigi: Dream Team,Dozing Sands Secret,ThatHiddenCharacter
Mario & Luigi: Dream Team,Dreamy Mushrise Winds,E. Gadd Industries
Mario & Luigi: Dream Team,The Law of Pajamaja,Jordan Knapp
Mario & Luigi: Paper Jam,Mario Craft Rhythm,ThatHiddenCharacter
Mario & Luigi: Paper Jam,On the March,ThatHiddenCharacter
Mario & Luigi: Superstar Saga + Bowser's Minions,"Everyone, Attack!",WobbliestGem
Mario Kart 7,Rainbow Road,Bloop
Monster Hunter Generations,"Meownster Hunters, Fire Away!",Th3Gavst3r
Monster Hunter Generations,"Proudly Serving Fondue, Bon Appétit ~ Ingredient Selection!",Th3Gavst3r
Paper Mario: Sticker Star,Boo Night Fever,mastersuperfan
Phoenix Wright: Ace Attorney: Spirit of Justice,Cheerful People,mastersuperfan
Picross 3D: Round 2,Title,Latios212
Pokémon Mystery Dungeon: Gates to Infinity,Battling the Boss (Four Hands),Bespinben
Pokémon Mystery Dungeon: Gates to Infinity,Come on in to Post Town!,DuskPiano
Pokémon Mystery Dungeon: Gates to Infinity,Come on in to Post Town! (Four Hands),Bespinben
Pokémon Mystery Dungeon: Gates to Infinity,Despair: Light Arrangement,braix
Pokémon Mystery Dungeon: Gates to Infinity,Dreams and Hopes,Bespinben
Pokémon Mystery Dungeon: Gates to Infinity,Good Night,Bespinben
Pokémon Mystery Dungeon: Gates to Infinity,Great Job!,Bespinben
Pokémon Mystery Dungeon: Gates to Infinity,Hazy Pass (Highlands),Bespinben
Pokémon Mystery Dungeon: Gates to Infinity,Holehills,Cashwarrior1
Pokémon Mystery Dungeon: Gates to Infinity,Hope: Light Arrangement 1,Bespinben
Pokémon Mystery Dungeon: Gates to Infinity,I Look Like a Pokémon!,Bespinben
Pokémon Mystery Dungeon: Gates to Infinity,Main Menu,Bespinben
Pokémon Mystery Dungeon: Gates to Infinity,Opening,Bespinben
Pokémon Mystery Dungeon: Gates to Infinity,Our First Meeting,Bespinben
Pokémon Mystery Dungeon: Gates to Infinity,Pokémon Paradise,Bespinben
Pokémon Mystery Dungeon: Gates to Infinity,Ragged Mountain,Bespinben
Pokémon Mystery Dungeon: Gates to Infinity,Stirrings of Hope: March,Bespinben
Pokémon Mystery Dungeon: Gates to Infinity,Stompstump Peak,Bespinben
Pokémon Mystery Dungeon: Gates to Infinity,Stony Cave (Four Hands),Bespinben
Pokémon Mystery Dungeon: Gates to Infinity,Sympathy and Sincerity,Bespinben
Pokémon Mystery Dungeon: Gates to Infinity,That Is Odd,DuskPiano
Pokémon Mystery Dungeon: Gates to Infinity,The Carpenter of Post Town,Bespinben
Pokémon Mystery Dungeon: Gates to Infinity,The Coming Danger,Bespinben
Pokémon Mystery Dungeon: Gates to Infinity,V-Wheeeeeel!!!,Bespinben
Pokémon Mystery Dungeon: Gates to Infinity,Voice in the Dreams,Bespinben
Pokémon Mystery Dungeon: Gates to Infinity,What's Wrong With Everyone?,Bespinben
Pokémon Mystery Dungeon: Gates to Infinity,Withered Savannah,Cashwarrior1
Pokémon Omega Ruby & Pokémon Alpha Sapphire,A Path We All Must Walk,Latios212
Pokémon Omega Ruby & Pokémon Alpha Sapphire,Leader's Theme (Team Magma/Team Aqua),Yugikun
Pokémon Omega Ruby & Pokémon Alpha Sapphire,Let's Go Home,Latios212
Pokémon Omega Ruby & Pokémon Alpha Sapphire,Lilycove City,Olimar12345
Pokémon Omega Ruby & Pokémon Alpha Sapphire,Soaring Illusions,InsigTurtle
Pokémon Omega Ruby & Pokémon Alpha Sapphire,Strains of a New Beginning -Theme of Ωrαs-,Bespinben
Pokémon Omega Ruby & Pokémon Alpha Sapphire,The Lament of Falling Stars,InsigTurtle
Pokémon Omega Ruby & Pokémon Alpha Sapphire,Trainers' Eyes Meet (Poké Fan),Tangy
Pokémon Picross,Stage (Picross),Yug Guy
Pokémon Rumble Blast,Autumnwood (Two Pianos),InsigTurtle
Pokémon Rumble Blast,Dark Rust Battle,Joel Hands-Otte
Pokémon Rumble Blast,Northerly Town,Joel Hands-Otte
Pokémon Sun & Pokémon Moon,Battle! (Team Skull Admin),Zeila
Pokémon Sun & Pokémon Moon,Battle! (Team Skull Boss),Zeila
Pokémon Sun & Pokémon Moon,Battle! (Team Skull),Zeila
Pokémon Sun & Pokémon Moon,Festival Plaza (Night),Zeila
Pokémon Sun & Pokémon Moon,Hau'oli City (Night),Latios212
Pokémon Sun & Pokémon Moon,Heahea City (Night),Jordan Knapp
Pokémon Sun & Pokémon Moon,Iki Town (Night),braix
Pokémon Sun & Pokémon Moon,Lillie's Theme,Olimar12345
Pokémon Sun & Pokémon Moon,Lonely Lillie,Zeila
Banjo-Kazooie,Banjo Overture,The Deku Trombonist
Pokémon Sun & Pokémon Moon,Malasada Shop,Latios212
Pokémon Sun & Pokémon Moon,Malie City (Night),InsigTurtle
Pokémon Sun & Pokémon Moon,My Home,braix
Pokémon Sun & Pokémon Moon,Po Town,Latios212
Pokémon Sun & Pokémon Moon,Trainers' School,Radiak488417
Pokémon Super Mystery Dungeon,Ancient Barrow,Cashwarrior1
Pokémon Super Mystery Dungeon,At Just Such a Moment,Bespinben
Pokémon Super Mystery Dungeon,Children of Serene Village,Bespinben
Pokémon Super Mystery Dungeon,Drilbur Coal Mine,Cashwarrior1
Pokémon Super Mystery Dungeon,Expedition Society: Music Box,Latios212
Pokémon Super Mystery Dungeon,Fire Island Volcano,Zeila
Pokémon Super Mystery Dungeon,Foreboding Forest,Bespinben
Banjo-Kazooie,Battle with Gruntilda,The Deku Trombonist
Banjo-Kazooie,Bridge to Gruntilda's Lair,The Deku Trombonist
Banjo-Kazooie,Bubblegloop Swamp,The Deku Trombonist
Banjo-Kazooie,Challenge Win Fanfare,The Deku Trombonist
Banjo-Kazooie,Cheato's Theme,The Deku Trombonist
Banjo-Kazooie,Clanker's Cavern,The Deku Trombonist
Banjo-Kazooie,Clanker's Cavern (Inside Clanker),The Deku Trombonist
Banjo-Kazooie,Click Clock Wood (Autumn),Clanker37
Banjo-Kazooie,Click Clock Wood (Nabnuts' House),The Deku Trombonist
Banjo-Kazooie,Click Clock Wood (Spring),Olimar12345
Banjo-Kazooie,Click Clock Wood (Summer),The Deku Trombonist
Banjo-Kazooie,Click Clock Wood (Winter),The Deku Trombonist
Banjo-Kazooie,Freezeezy Peak,The Deku Trombonist
Banjo-Kazooie,Freezeezy Peak (BETA),Nacho2420
Banjo-Kazooie,Freezeezy Peak (Boggy's Igloo - Sad),Petpetfood
Pokémon Super Mystery Dungeon,It Is What It Is...,Bespinben
Pokémon Super Mystery Dungeon,Lush Forest,Bespinben
Pokémon Super Mystery Dungeon,Main Menu,Bespinben
Pokémon Super Mystery Dungeon,Main Theme,Bespinben
Pokémon Super Mystery Dungeon,Mist Continent: Noe Town,Zeila
Pokémon Super Mystery Dungeon,Nuzleaf's House,mastersuperfan
Pokémon Super Mystery Dungeon,Open Pass,Bespinben
Pokémon Super Mystery Dungeon,Over the Mountains,Bespinben
Pokémon Super Mystery Dungeon,Pancham and Shelmet,mastersuperfan
Pokémon Super Mystery Dungeon,Poliwrath River,InsigTurtle
Pokémon Super Mystery Dungeon,Quiet Night,Latios212
Pokémon Super Mystery Dungeon,Revelation Mountain,InsigTurtle
Banjo-Kazooie,Game Over,Petpetfood
Banjo-Kazooie,Gobi's Valley,The Deku Trombonist
Banjo-Kazooie,Gruntilda's Lair,The Deku Trombonist
Banjo-Kazooie,Gruntilda's Lair (Click Clock Wood),The Deku Trombonist
Banjo-Kazooie,Gruntilda's Lair (Grunty's Furnace Fun),ThatHiddenCharacter
Banjo-Kazooie,Gruntilda's Lair (Mad Monster Mansion),MoldyPond
Banjo-Kazooie,Grunty's Furnace Fun,The Deku Trombonist
Banjo-Kazooie,Inside the Mansion,WaluigiTime64
Banjo-Kazooie,Jiggy Fanfare,Sebastian
Banjo-Kazooie,King Sandybutt's Maze,Bespinben
Banjo-Kazooie,Lose a Life!,B-Kpianist
Banjo-Kazooie,Mad Monster Mansion,Sebastian
Pokémon Super Mystery Dungeon,Road to Primeval Forest,Cashwarrior1
Pokémon Super Mystery Dungeon,Serene Village,Bespinben
Pokémon Super Mystery Dungeon,Sheer Mountain Range,Cashwarrior1
Pokémon Super Mystery Dungeon,Things That Live on This Planet,Bespinben
Pokémon Super Mystery Dungeon,Title Theme,Bespinben
Pokémon Super Mystery Dungeon,Welcome to the World of Pokémon!,Bespinben
Pokémon Super Mystery Dungeon,Whoa!,Bespinben
Pokémon Super Mystery Dungeon,"Why, All of a Sudden?!",Bespinben
Pokémon Super Mystery Dungeon,Within the Sadness,InsigTurtle
Pokémon X & Pokémon Y,Anistar City,InsigTurtle
Pokémon X & Pokémon Y,AZ,Joel Hands-Otte
Pokémon X & Pokémon Y,Battle! (Wild Pokémon),JDMEK5
Pokémon X & Pokémon Y,Bicycle,Olimar12345
Pokémon X & Pokémon Y,Boutique (Two Pianos),Joel Hands-Otte
Pokémon X & Pokémon Y,Coiffure Clips,braix
Pokémon X & Pokémon Y,Emma's Theme,FireArrow
Banjo-Kazooie,Mad Monster Mansion (Aquatic),The Deku Trombonist
Banjo-Kazooie,Mad Monster Mansion (Church),The Deku Trombonist
Banjo-Kazooie,"Mad Monster Mansion (Down Loggo, The Toilet)",Clanker37
Banjo-Kazooie,Mumbo's Hut,Nintendude73
Banjo-Kazooie,Mumbo's Mountain,The Deku Trombonist
Banjo-Kazooie,Nabnut's Storage Room,Sebastian
Banjo-Kazooie,Open Note Door,Sebastian
Banjo-Kazooie,Opening,The Deku Trombonist
Banjo-Kazooie,Pause Menu,The Deku Trombonist
Banjo-Kazooie,Prickly Pear Island (BETA),Nacho2420
Banjo-Kazooie,Rusty Bucket Bay,The Deku Trombonist
Banjo-Kazooie,Rusty Bucket Bay (Aquatic),Clanker37
Banjo-Kazooie,Rusty Bucket Bay (Boss Boom Box),B-Kpianist
Pokémon X & Pokémon Y,FIN,Latios212
Pokémon X & Pokémon Y,I'll Go With You,Latios212
Pokémon X & Pokémon Y,KISEKI,Latios212
Pokémon X & Pokémon Y,Laverre City,Oronoco
Pokémon X & Pokémon Y,Lumiose City,braix
Pokémon X & Pokémon Y,Route 1,Latios212
Pokémon X & Pokémon Y,Route 15,Cashwarrior1
Pokémon X & Pokémon Y,Route 4,Clanker37
Pokémon X & Pokémon Y,Santalune City,gunthi
Pokémon X & Pokémon Y,The Sycamore Pokémon Lab,Olimar12345
Pokémon X & Pokémon Y,Title Screen,Kricketune54
Pokémon X & Pokémon Y,Together with Shauna,FierceDeity
Banjo-Kazooie,Rusty Bucket Bay (Warehouse),Sebastian
Banjo-Kazooie,Spiral Mountain,Olimar12345
Banjo-Kazooie,Spiral Mountain (Two Pianos),Olimar12345
Banjo-Kazooie,Top of the Lair,B-Kpianist
Banjo-Kazooie,Treasure Trove Cove,Sebastian
Banjo-Kazooie,Treasure Trove Cove (BETA),The Deku Trombonist
Banjo-Kazooie,Treasure Trove Cove (Sand Castle - Aquatic),The Deku Trombonist
Banjo-Kazooie,Treasure Trove Cove (The Salty Hippo),The Deku Trombonist
Banjo-Kazooie,Wonderwing!,B-Kpianist
Banjo-Tooie,16 Monstrous Mechanical Mud-Muncher,Sebastian
Banjo-Tooie,An Evil Plan Revealed,Sebastian
Banjo-Tooie,Banjo's House Blues,The Deku Trombonist
Banjo-Tooie,Bottles' House,The Deku Trombonist
Professor Layton and the Azran Legacy,The Silver Peaks of Froenborg,mastersuperfan
Professor Layton and the Azran Legacy,Warmth and Kindness,Jordan Knapp
Professor Layton and the Miracle Mask,A Moment of Calm,SombreroGuy123
Professor Layton and the Miracle Mask,Monte d'Or: City of Miracles,Jordan Knapp
Professor Layton and the Miracle Mask,Norwell,Bloop
Professor Layton and the Miracle Mask,The One-Stop Shop,Jordan Knapp
Professor Layton vs Phoenix Wright: Ace Attorney,Labyrinthia,Jordan Knapp
Rhythm Heaven Megamix,Catchy Tune,ThatHiddenCharacter
Rhythm Heaven Megamix,First Contact,ThatHiddenCharacter
Rune Factory 4,Obsidian Mansion,Code_Name_Geek
Shin Megami Tensei IV,Battle - b2,Static
StreetPass Mii Plaza,Find Mii,LeviR.star
StreetPass Mii Plaza,Puzzle Swap,Latios212
Banjo-Tooie,Cauldron Keep,The Deku Trombonist
Banjo-Tooie,Chilly Willy/Chilli Billi Battle,The Deku Trombonist
Banjo-Tooie,Cloud Cuckooland (Two Pianos),Nacho2420
Banjo-Tooie,Credits,Sam Waetford
Banjo-Tooie,Fun and Games!,The Deku Trombonist
Banjo-Tooie,Glitter Gulch Mine,Sebastian
Banjo-Tooie,Glitter Gulch Mine (Dark Rooms),Sebastian
Banjo-Tooie,Grunty Industries (Basement),Clanker37
Banjo-Tooie,Grunty Industries (Inside),Sebastian
Banjo-Tooie,Grunty Industries (Outside),Clanker37
Banjo-Tooie,Hailfire Peaks (Fire Side),Sebastian
Banjo-Tooie,Hailfire Peaks (Icy Side),The Deku Trombonist
Banjo-Tooie,Here Comes Trouble!,The Deku Trombonist
Banjo-Tooie,Honey B's Hive,Sebastian
Banjo-Tooie,In the Hall of the Zombie King,Sebastian
Super Mario 3D Land,Castle,LeviR.star
Super Mario 3D Land,Clock Tower (Main Theme),Joel Hands-Otte
Super Mario 3D Land,Jazzy Overworld,Joel Hands-Otte
Super Mario 3D Land,Jazzy Overworld (Four Hands),Joel Hands-Otte
Super Mario 3D Land,Main Theme,Joel Hands-Otte
Super Mario 3D Land,Main Theme (Four Hands),Joel Hands-Otte
Super Mario 3D Land,Overworld,Joel Hands-Otte
Super Mario 3D Land,Retro Mario,XiaoMigros
Super Mario 3D Land,Snow Mountain,LeviR.star
Super Mario 3D Land,Special World 1,Joel Hands-Otte
Super Mario 3D Land,Special World 2,Joel Hands-Otte
Super Mario 3D Land,Special World 3,Joel Hands-Otte
Super Mario 3D Land,Special World 4,Joel Hands-Otte
Super Mario 3D Land,Special World 5,Joel Hands-Otte
Super Mario 3D Land,Special World 5 (Four Hands),Joel Hands-Otte
Super Mario 3D Land,Special World 6,Joel Hands-Otte
Banjo-Tooie,Isle O' Hags,Sebastian
Banjo-Tooie,Jiggywiggy's Temple,The Deku Trombonist
Banjo-Tooie,Jiggywiggy's Temple (Four Hands),The Deku Trombonist
Banjo-Tooie,Jinjo Village,Bloop
Banjo-Tooie,Jolly Roger's Lagoon,The Deku Trombonist
Banjo-Tooie,Jolly Roger's Lagoon (Atlantis),Bloop
Banjo-Tooie,Kickabout,The Deku Trombonist
Banjo-Tooie,Lord Woo Fak Fak - Self-Important Anglerfish,Sebastian
Banjo-Tooie,Mayahem Temple,The Deku Trombonist
Banjo-Tooie,Mayahem Temple (Aquatic),Sebastian
Banjo-Tooie,Mr. Patch - Strange Wobbly Inflatable Thing,Clanker37
Banjo-Tooie,Race with Mary,Commander6
Banjo-Tooie,Talon Torpedo Failure,Sebastian
Banjo-Tooie,Targitzan - Despotic Dizzy Totem God,Sebastian
Banjo-Tooie,Targitzan - Despotic Dizzy Totem God (Four Hands),Bloop
Banjo-Tooie,Terrydactyland,Sebastian
Banjo-Tooie,Weldar - Visually-Impaired Welding Torch,Clanker37
Banjo-Tooie,Witchyworld,The Deku Trombonist
Super Mario 3D Land,Special World 7,Joel Hands-Otte
Super Mario 3D Land,Special World 7 (Four Hands),Joel Hands-Otte
Super Mario 3D Land,Special World 8,Joel Hands-Otte
Super Mario 3D Land,Special World 8 (5 Stars) (Four Hands),Joel Hands-Otte
Super Mario 3D Land,Staff Roll (Main Theme),Joel Hands-Otte
Super Mario 3D Land,World 1,Joel Hands-Otte
Super Mario 3D Land,World 1 (Four Hands),Joel Hands-Otte
Super Mario 3D Land,World 2,Joel Hands-Otte
Super Mario 3D Land,World 2 (Four Hands),Joel Hands-Otte
Super Mario 3D Land,World 3,Joel Hands-Otte
Super Mario 3D Land,World 4,Joel Hands-Otte
Super Mario 3D Land,World 5,Joel Hands-Otte
Super Mario 3D Land,World 6,Joel Hands-Otte
Super Mario 3D Land,World 6 (Four Hands),Joel Hands-Otte
Conker's Bad Fur Day,Cock and Plucker,Sebastian
Conker's Bad Fur Day,Count Batula,Renaud Bergeron
Conker's Bad Fur Day,Game Boy Theme 2,Sebastian
Conker's Bad Fur Day,Heist,Sam Waetford
Conker's Bad Fur Day,Peace at Last,Sebastian
Conker's Bad Fur Day,Sloprano,Commander6
Conker's Bad Fur Day,The Fabled Panther King,iatetheinternet
Conker's Bad Fur Day,Windy & Co.,Bloop
Diddy Kong Racing,Ancient Lake,The Deku Trombonist
Diddy Kong Racing,Darkmoon Caverns,Dimentio
Diddy Kong Racing,Dino Domain,Sam Waetford
Diddy Kong Racing,Fossil Canyon,FierceDeity
Diddy Kong Racing,Frosty Village,Nine Lives
Diddy Kong Racing,Haunted Woods,JDMEK5
Diddy Kong Racing,Lobby Theme,Nine Lives
Diddy Kong Racing,Spaceport Alpha,Dimentio
Diddy Kong Racing,Title Theme,Nine Lives
Diddy Kong Racing,Walrus Cove,Nine Lives
Super Mario 3D Land,World 7,Joel Hands-Otte
Super Mario 3D Land,World 7 (Four Hands),Joel Hands-Otte
Super Mario 3D Land,World 8,Joel Hands-Otte
Super Mario 3D Land,World 8 (Part 2),Joel Hands-Otte
Team Kirby Clash Deluxe,Quest Board,LeviR.star
The Great Ace Attorney 2: Resolve,Partners - The game is afoot!,Latios212
The Great Ace Attorney: Adventures,Dance of Deduction (Type A),Latios212
The Great Ace Attorney: Adventures,The Defendants' Antechamber,Metamyrrh
The Legend of Dark Witch,Freesia,Static
The Legend of Zelda: A Link Between Worlds,Beginning Field,FierceDeity
The Legend of Zelda: A Link Between Worlds,Facing Ganon,Zeila
The Legend of Zelda: A Link Between Worlds,Hilda's Theme,McDucky
The Legend of Zelda: A Link Between Worlds,Lorule Castle,Bloop
The Legend of Zelda: A Link Between Worlds,Minigame,Beta
Donkey Kong 64,Angry Aztec,WaluigiTime64
The Legend of Zelda: A Link Between Worlds,Ravio's Theme,Bloop
The Legend of Zelda: A Link Between Worlds,Swamp Palace,Bloop
The Legend of Zelda: A Link Between Worlds,Thieves' Hideout,Bloop
The Legend of Zelda: A Link Between Worlds,Witch's House,Bloop
The Legend of Zelda: A Link Between Worlds,Yuga Battle (Eastern Palace),Bloop
The Legend of Zelda: Tri Force Heroes,Boss,Starfury
The Legend of Zelda: Tri Force Heroes,Boss: Lady Maud,Cashwarrior1
The Legend of Zelda: Tri Force Heroes,Credits,Cashwarrior1
The Legend of Zelda: Tri Force Heroes,Den of Trials,Cashwarrior1
The Legend of Zelda: Tri Force Heroes,Hytopia,Cashwarrior1
Donkey Kong 64,Angry Aztec (Barrel Course),WaluigiTime64
Donkey Kong 64,Angry Aztec (Caves),WaluigiTime64
Donkey Kong 64,Angry Aztec (Temple),Sebastian
Donkey Kong 64,Angry Aztec (Underground),WaluigiTime64
Donkey Kong 64,Army Dillo Battle,Bloop
Donkey Kong 64,Army Dillo Rematch,Sebastian
Donkey Kong 64,Baboon Balloon,WaluigiTime64
Donkey Kong 64,Banana Fairy Island,Sebastian
Donkey Kong 64,Battle Arena,WaluigiTime64
Donkey Kong 64,Before Boss,WaluigiTime64
Donkey Kong 64,Bonus Barrel,Sebastian
Donkey Kong 64,Boss Introduction,WaluigiTime64
Donkey Kong 64,Boss Key Acquisition,WaluigiTime64
The Legend of Zelda: Tri Force Heroes,King Tuft,Cashwarrior1
The Legend of Zelda: Tri Force Heroes,Lady Maud,Cashwarrior1
The Legend of Zelda: Tri Force Heroes,Madame Couture,Cashwarrior1
The Legend of Zelda: Tri Force Heroes,Riverside,Cashwarrior1
The Legend of Zelda: Tri Force Heroes,Sir Combsly,Cashwarrior1
The Legend of Zelda: Tri Force Heroes,Sky Realm,Cashwarrior1
The Legend of Zelda: Tri Force Heroes,Stage Select,Cashwarrior1
The Legend of Zelda: Tri Force Heroes,Title Theme,Cashwarrior1
The Legend of Zelda: Tri Force Heroes,Woodlands,Cashwarrior1
Tomodachi Life,Divorce,DaBluePipe
Tomodachi Life,Flashback 3,Nine Lives
Tomodachi Life,Letter,Code_Name_Geek
Tomodachi Life,Mii Edit,Nine Lives
Ace Attorney Investigations: Miles Edgeworth,Kay Faraday ~ The Great Truth Burglar,Altissimo
Donkey Kong 64,Boss Room Opened,WaluigiTime64
Donkey Kong 64,Candy's Music Store,WaluigiTime64
Donkey Kong 64,Collect Pearl,E. Gadd Industries
Donkey Kong 64,Cranky's Lab,WaluigiTime64
Donkey Kong 64,Creepy Castle,WaluigiTime64
Donkey Kong 64,Creepy Castle (Ballroom),WaluigiTime64
Donkey Kong 64,Creepy Castle (Barrel Course),WaluigiTime64
Donkey Kong 64,Creepy Castle (Caves),WaluigiTime64
Donkey Kong 64,Creepy Castle (Dungeon 1),WaluigiTime64
Donkey Kong 64,Creepy Castle (Dungeon 2/Library),WaluigiTime64
Donkey Kong 64,Creepy Castle (Dungeon 3),WaluigiTime64
Donkey Kong 64,Creepy Castle (Dungeon 4),WaluigiTime64
Donkey Kong 64,Creepy Castle (Greenhouse),WaluigiTime64
Donkey Kong 64,Creepy Castle (Mine Cart),WaluigiTime64
Donkey Kong 64,Creepy Castle (Museum),WaluigiTime64
Yoshi's New Island,Staff Credits,Sebastian
Yoshi's New Island,The Yoshi Clan,Latios212
Ace Attorney Investigations: Miles Edgeworth,Pursuit ~ Lying Coldly,mastersuperfan
Advance Wars: Days of Ruin,We Will Prevail,WiiMan96
Advance Wars: Dual Strike,Jake's Theme,Thomas Wilson
Advance Wars: Dual Strike,Javier's Theme,Thomas Wilson
Animal Crossing: Wild World,10:00 A.M.,ayycast
Animal Crossing: Wild World,1:00 A.M.,Sebastian
Animal Crossing: Wild World,2:00 A.M.,Olimar12345
Animal Crossing: Wild World,2:00 P.M.,Nintendude73
Animal Crossing: Wild World,3:00 A.M.,ayycast
Animal Crossing: Wild World,6:00 A.M.,Nintendude73
Animal Crossing: Wild World,9:00 A.M.,WiiMan96
Donkey Kong 64,Creepy Castle (Rubbish Bin),WaluigiTime64
Donkey Kong 64,Creepy Castle (Tree Trunk),WaluigiTime64
Donkey Kong 64,Creepy Castle (Wind Tower),WaluigiTime64
Donkey Kong 64,Crystal Caves,Sebastian
Donkey Kong 64,Crystal Caves (Barrel Course),Sebastian
Donkey Kong 64,Crystal Caves (Board Game),WaluigiTime64
Donkey Kong 64,Crystal Caves (Earthquake),Sebastian
Donkey Kong 64,Crystal Caves (Igloo),WaluigiTime64
Donkey Kong 64,Crystal Caves (Indoors),Sebastian
Donkey Kong 64,Crystal Caves (Rotating Room),Sebastian
Donkey Kong 64,DK Island Creepy Castle,WaluigiTime64
Donkey Kong 64,DK Isle,Nacho2420
Donkey Kong 64,DK Isle (Angry Aztec),WaluigiTime64
Donkey Kong 64,DK Isle (Crystal Caves),WaluigiTime64
Donkey Kong 64,DK Isle (Frantic Factory),WaluigiTime64
Animal Crossing: Wild World,K.K. Dixie,amc
Animal Crossing: Wild World,K.K. Metal,Purple1222119
Animal Crossing: Wild World,Main Gate,The Deku Trombonist
Animal Crossing: Wild World,Museum (Observatory),MoldyPond
Animal Crossing: Wild World,Steep Hill (Aircheck),octolad
Animal Crossing: Wild World,The Roost,The Deku Trombonist
Animal Crossing: Wild World,Town Hall (Day),Nintendude73
Apollo Justice: Ace Attorney,Court Begins,AwesomeYears
Apollo Justice: Ace Attorney,Cross-Examination ~ Moderato 2007,mastersuperfan
Apollo Justice: Ace Attorney,Telling the Truth 2007,mastersuperfan
Apollo Justice: Ace Attorney,Troupe Gramarye,mastersuperfan
Brain Age: Train Your Brain in Minutes a Day!,Title,Th3Gavst3r
Donkey Kong 64,DK Isle (Fungi Forest),WaluigiTime64
Donkey Kong 64,DK Isle (Gloomy Galleon),WaluigiTime64
Donkey Kong 64,DK Isle (Hideout Helm),WaluigiTime64
Donkey Kong 64,DK Isle (Jungle Japes),WaluigiTime64
Donkey Kong 64,DK Isle (Snide's HQ),E. Gadd Industries
Donkey Kong 64,DK Rap,Olimar12345
Donkey Kong 64,DK's Treehouse,WaluigiTime64
Donkey Kong 64,Dogadon Rematch,Bloop
Donkey Kong 64,Ending,WaluigiTime64
Donkey Kong 64,Enguarde's Theme,WaluigiTime64
Donkey Kong 64,Frantic Factory,Sebastian
Donkey Kong 64,Frantic Factory (Production Room),Sebastian
Brain Age: Train Your Brain in Minutes a Day!,Training Menu,Nana1Popo2
Castlevania: Dawn of Sorrow,Cursed Clock Tower,Atcero
Castlevania: Dawn of Sorrow,Demon Castle Pinnacle,Atcero
Castlevania: Dawn of Sorrow,Pitch Black Intrusion,Atcero
Castlevania: Dawn of Sorrow,Platinum Moonlight,Atcero
Castlevania: Order of Ecclesia,Cantus Motetten -1-,Yugikun
Castlevania: Portrait of Ruin,Bad Situation,Commander6
Castlevania: Portrait of Ruin,Crucifix Held Close,Commander6
Castlevania: Portrait of Ruin,Gaze Up At The Darkness,Commander6
Castlevania: Portrait of Ruin,Hail from the Past,Atcero
Castlevania: Portrait of Ruin,Iron Blue Intention,Awasai
Castlevania: Portrait of Ruin,The Gears Go Awry,Atcero
Cooking Mama,Done,Th3Gavst3r
Cooking Mama,Title Screen,Latios212
Cory in the House,White House,Zeila
Disgaea DS,Dark Whisper (Instrumental),Olimar12345
Donkey Kong 64,Frantic Factory (Research and Development),Sebastian
Donkey Kong 64,Frantic Factory Car Race,WaluigiTime64
Donkey Kong 64,Fungi Forest (Barrel Course),Sebastian
Donkey Kong 64,Fungi Forest (Bonus Room),Sebastian
Donkey Kong 64,Fungi Forest (Day),Sebastian
Donkey Kong 64,Fungi Forest (Giant Mushroom),Sebastian
Donkey Kong 64,Fungi Forest (Indoors 2),Sebastian
Donkey Kong 64,Fungi Forest (Indoors),Sebastian
Donkey Kong 64,Fungi Forest (Night),Nacho2420
Dragon Ball Z: Attack of the Saiyans,Final Boss (vs. Vegeta),LifeMushroom
Dragon Ball Z: Attack of the Saiyans,Saiyan Battle (Vs. Raditz/Nappa),LifeMushroom
Dragon Quest IX: Sentinels of the Starry Skies,Cave Waltz,fi_le
Dragon Quest IX: Sentinels of the Starry Skies,Heaven's Prayer (The Observatory),maxmic480
Dragon Quest IX: Sentinels of the Starry Skies,Painful Feelings,The Deku Trombonist
Dragon Quest IX: Sentinels of the Starry Skies,Riding in the Ark,Don Valentino
Dragon Quest IX: Sentinels of the Starry Skies,The Sun-Gathering Village,Code_Name_Geek
Dragon Quest IX: Sentinels of the Starry Skies,Verse of Prayer,K-NiGhT
Etrian Odyssey III: The Drowned City,Hoist the Sword with Pride in the Heart,Maelstrom
Etrian Odyssey III: The Drowned City,Unrest ~ The End of the Raging Waves,Maelstrom
Fire Emblem: New Mystery of the Emblem,Eternal Bond,Libera
Fire Emblem: New Mystery of the Emblem,Holy War,Libera
Donkey Kong 64,Fungi Forest (Spider),WaluigiTime64
Donkey Kong 64,Fungi Forest (Tree Trunk),WaluigiTime64
Donkey Kong 64,Funky's Armoury,Sebastian
Donkey Kong 64,Gloomy Galleon,WaluigiTime64
Donkey Kong 64,Gloomy Galleon (Barrel Course),WaluigiTime64
Donkey Kong 64,Gloomy Galleon (Caves),WaluigiTime64
Donkey Kong 64,Gloomy Galleon (Lighthouse-Submarine),WaluigiTime64
Donkey Kong 64,Gloomy Galleon (Mechanical Fish),WaluigiTime64
Donkey Kong 64,Gloomy Galleon (Mermaid Palace),Nacho2420
Donkey Kong 64,Gloomy Galleon (Pearl Treasure),WaluigiTime64
Donkey Kong 64,Gloomy Galleon (Ship Ruins),WaluigiTime64
Donkey Kong 64,Gloomy Galleon Boat Race,WaluigiTime64
Donkey Kong 64,Guitar Gazump! (Diddy Kong),E. Gadd Industries
Donkey Kong 64,Happy K Lumsy,WaluigiTime64
Donkey Kong 64,Hideout Helm (Two Pianos),WaluigiTime64
Donkey Kong 64,Hideout Helm (Bonus Barrel),WaluigiTime64
Donkey Kong 64,Hideout Helm 2,WaluigiTime64
Donkey Kong 64,Hunky Chunky,WaluigiTime64
Fire Emblem: Shadow Dragon,Trouble!,Don Valentino
Freshly-Picked Tingle's Rosy Rupeeland,Bodyguard Salon,Don Valentino
Freshly-Picked Tingle's Rosy Rupeeland,Tingle's House,Don Valentino
Ghost Trick: Phantom Detective,Cabanela ~A Lanky Man in Lovely White,Static
Golden Sun: Dark Dawn,Apollo Ascent,Onionleaf
Golden Sun: Dark Dawn,Champa Camp,Onionleaf
Golden Sun: Dark Dawn,Kolima,Onionleaf
Golden Sun: Dark Dawn,Konpa Gate,Onionleaf
Golden Sun: Dark Dawn,Overworld,Thomas Wilson
Golden Sun: Dark Dawn,Passaj,Onionleaf
Golden Sun: Dark Dawn,Village Theme,Onionleaf
Gyakuten Kenji 2,Bonds: A Believing Heart,Echo
Gyakuten Kenji 2,Hakari Mikagami ~ Goddess of Law,Trasdegi
Donkey Kong 64,Jungle Japes (Barrel Blast),Sebastian
Donkey Kong 64,Jungle Japes (Caves),Sebastian
Donkey Kong 64,Jungle Japes (Mine Cart),Olimar12345
Donkey Kong 64,Jungle Japes (Storm),Sebastian
Donkey Kong 64,Jungle Japes (Underground),WaluigiTime64
Donkey Kong 64,Jungle Japes 2,Nacho2420
Donkey Kong 64,K. Lumsy,Sebastian
Donkey Kong 64,K. Rool,WaluigiTime64
Donkey Kong 64,K. Rool Defeated,WaluigiTime64
Donkey Kong 64,K. Rool Duel,Sebastian
Donkey Kong 64,K. Rool Introduction,WaluigiTime64
Donkey Kong 64,King Kut Out Battle,WaluigiTime64
Donkey Kong 64,Krem Isle,Sebastian
Donkey Kong 64,Mad Jack Battle,Sonic130
Gyakuten Kenji 2,Pursuit ~ Wanting to Find the Truth,mastersuperfan
Gyakuten Kenji 2,Raymond Shields ~ Joking Motive,Altissimo
Gyakuten Kenji 2,Yumihiko Ichiyanagi ~ First-Class Reasoning,Maelstrom
Harvest Moon DS,Spring,Code_Name_Geek
Harvest Moon DS,Winter,Code_Name_Geek
Hotel Dusk: Room 215,Bright Crystal,Olimar12345
Kingdom Hearts Re:coded,Data World Battle,Joel Hands-Otte
Kingdom Hearts Re:coded,Data World Battle (Normal) (Four Hands),Joel Hands-Otte
Kingdom Hearts Re:coded,Rowdy Rumble,Joel Hands-Otte
Kingdom Hearts Re:coded,Rowdy Rumble (Four Hands),Joel Hands-Otte
Kingdom Hearts Re:coded,To Our Surprise,Joel Hands-Otte
Kirby Mass Attack,Fun Castle,Latios212
Kirby Mass Attack,Tree to Tree,LeviR.star
Kirby Mass Attack,Vast Darkness,Static
Kirby Super Star Ultra,Helper's Rest,LeviR.star
Kirby: Canvas Curse,Drawcia Sorceress,LeviR.star
Kirby: Canvas Curse,Silver Submarine,Latios212
Kirby: Squeak Squad,File Select,Static
Donkey Kong 64,Mad Maze Maul,WaluigiTime64
Donkey Kong 64,Main Menu,WaluigiTime64
Donkey Kong 64,Minecart Mayhem,WaluigiTime64
Donkey Kong 64,Mini Monkey,Nintendude73
Donkey Kong 64,Monkey Smash,WaluigiTime64
Kirby: Squeak Squad,Prism Plains,Dekkadeci
Kirby: Squeak Squad,Vocal Volcano,LeviR.star
Kirby: Squeak Squad,Wonder of the Stars,LeviR.star
Last Window: The Secret of Cape West,Blue Lady,Jordan Knapp
Magical Starsign,Bena Rikashi,Lhosreiff
Magical Starsign,Boss Battle,LifeMushroom
Magical Starsign,Final Boss (vs. Shadra and Umbra),LifeMushroom
Magical Starsign,Pirate Battle,LifeMushroom
Magical Starsign,Port Pescato,LifeMushroom
Magical Starsign,Shadra Overworld,chelastgamer55
Donkey Kong 64,Pause Menu,WaluigiTime64
Donkey Kong 64,Pufftoss Battle,Bloop
Donkey Kong 64,Rambi's Theme,WaluigiTime64
Donkey Kong 64,Rocket Barrel Boost,PetrifiedLasagna
Donkey Kong 64,Saxophone Slam! (Tiny Kong),E. Gadd Industries
Donkey Kong 64,Snide's HQ,Sebastian
Donkey Kong 64,Strong Kong,WaluigiTime64
Donkey Kong 64,Tag Barrel (All Variations),Sebastian
Donkey Kong 64,Triangle Trample! (Chunky Kong),E. Gadd Industries
Donkey Kong 64,Troff 'n' Scoff,Sebastian
Donkey Kong 64,Trombone Tremor! (Lanky Kong),E. Gadd Industries
Magical Starsign,Space Police,chelastgamer55
Magical Starsign,Tropica,Lhosreiff
Mario & Luigi: Bowser's Inside Story,Bumpsy Plains,Joel Hands-Otte
Mario & Luigi: Bowser's Inside Story,Cavi Cape (Four Hands),Joel Hands-Otte
Mario & Luigi: Bowser's Inside Story,Clash of the Titans,Joel Hands-Otte
Mario & Luigi: Bowser's Inside Story,Deep Castle (Two Pianos),Travys Redgwell
Mario & Luigi: Bowser's Inside Story,Dimble Wood,Bloop
Mario & Luigi: Bowser's Inside Story,Dimble Wood (Inside Bowser),ThatHiddenCharacter
Mario & Luigi: Bowser's Inside Story,Fawful Castle,Dimentio
Mario & Luigi: Bowser's Inside Story,Friendship Song (Four Hands),Joel Hands-Otte
Earthworm Jim 3D,Fear the Forest,Nine Lives
F-Zero X,All Need is 30 Deaths,Yug Guy
F-Zero X,Climb Up! And Get the Last Chance!,Yug Guy
GoldenEye 007,007 Watch Theme,Yug Guy
GoldenEye 007,Antenna Cradle,Kricketune54
GoldenEye 007,Archive,evilsqueaky
GoldenEye 007,Aztec Complex,Kricketune54
GoldenEye 007,Byelomorye Dam,XiaoMigros
GoldenEye 007,Caverns Elevator,evilsqueaky
GoldenEye 007,Chemical Warfare Facility,Sebastian
Mario & Luigi: Bowser's Inside Story,It's Showtime!,Joel Hands-Otte
Mario & Luigi: Bowser's Inside Story,Let's-a-go!,Joel Hands-Otte
Mario & Luigi: Bowser's Inside Story,Main Theme,Joel Hands-Otte
Mario & Luigi: Bowser's Inside Story,Main Theme (Two Pianos),Joel Hands-Otte
Mario & Luigi: Bowser's Inside Story,The Grand Finale,Rubikium
Mario & Luigi: Bowser's Inside Story,The Grand Finale (Two Pianos),Joel Hands-Otte
Mario & Luigi: Bowser's Inside Story,The Wind is Blowing at Cavi Cape,ThatHiddenCharacter
Mario & Luigi: Bowser's Inside Story,Toad Town,DrP
Mario & Luigi: Partners in Time,Battle Clear Fanfare (Four Hands),Joel Hands-Otte
Mario & Luigi: Partners in Time,Boss Battle,WiiMan96
Mario & Luigi: Partners in Time,Bowser Battle (Four Hands),WobbliestGem
Bird & Beans,Pyoro's Theme 1,Olimar12345
GoldenEye 007,Converted Missile Train,Bloop
GoldenEye 007,el Shagira Temple,Nine Lives
GoldenEye 007,Elevator Music (Control),XiaoMigros
GoldenEye 007,Frigate 'La Fayette',Fantastic Ike
GoldenEye 007,Frigate (Remix),Whoppybones
GoldenEye 007,Kyrgyzstan Silo,evilsqueaky
GoldenEye 007,Main Title,Yug Guy
GoldenEye 007,Runway,evilsqueaky
GoldenEye 007,Satellite Control Bunker (Bunker 1),Kricketune54
GoldenEye 007,Settle the Score with 006,Fantastic Ike
GoldenEye 007,Statue Park,evilsqueaky
GoldenEye 007,Streets of Russia,evilsqueaky
Harvest Moon 64,Bar Theme,WiiMan96
Mario & Luigi: Partners in Time,Elder Princess Shroob Battle,Rubikium
Mario & Luigi: Partners in Time,Gritzy Desert,Static
Mario & Luigi: Partners in Time,Hollijolli Village,Don Valentino
Mario & Luigi: Partners in Time,Normal Battle (Two Pianos),Greg
Mario & Luigi: Partners in Time,Princess Shroob Battle,Rubikium
Mario & Luigi: Partners in Time,The Koopaseum,Don Valentino
Mario & Luigi: Partners in Time,Thwomp Volcano,Don Valentino
Mario & Luigi: Partners in Time,Toad Town,ThatHiddenCharacter
Mario & Luigi: Partners in Time,Vim Factory,Static
Mario & Luigi: Partners in Time,Yoob's Belly,Greg
Mario & Luigi: Partners in Time,Yoshi Mountain,Static
Mario Kart DS,Airship Fortress,JDMEK5
Harvest Moon 64,Fall,Code_Name_Geek
Harvest Moon 64,Moon Mountain,Code_Name_Geek
Harvest Moon 64,Name Entry,Code_Name_Geek
Harvest Moon 64,Spring,Code_Name_Geek
Harvest Moon 64,Summer,Nintendude73
Harvest Moon 64,Title Theme,Code_Name_Geek
Harvest Moon 64,Winter Theme,Sebastian
Jet Force Gemini,Character Select,mantis985
Jet Force Gemini,Eschebone,mantis985
Jet Force Gemini,S.S. Anubis,mantis985
Kirby 64: The Crystal Shards,Battle Among Friends: Adeleine,LeviR.star
Mario Kart DS,Battle Mode,LeviR.star
Mario Kart DS,Delfino Square,Don Valentino
Mario Kart DS,Luigi's Mansion,Bloop
Mario Kart DS,Main Menu,AmpharosAndy
Mario Kart DS,Nintendo WFC Menu,LeviR.star
Mario Kart DS,Peach Gardens,Static
Mario Kart DS,Race Loser,Kricketune54
Mario Kart DS,Rainbow Road,Latios212
Mario Kart DS,Tick Tock Clock,Sebastian
Mario Kart DS,Title Screen,Latios212
Mario Kart DS,Waluigi Pinball,Joel Hands-Otte
Kirby 64: The Crystal Shards,Boss,Commander6
Kirby 64: The Crystal Shards,Bumper Crop Bump,Radiak488417
Kirby 64: The Crystal Shards,Factory Inspection,Static
Kirby 64: The Crystal Shards,File Select,LeviR.star
Kirby 64: The Crystal Shards,Goal Game,LeviR.star
Kirby 64: The Crystal Shards,Inside the Ruins,Commander6
Kirby 64: The Crystal Shards,Neo Star,Kricketune54
Kirby 64: The Crystal Shards,Pop Star,Latios212
Kirby 64: The Crystal Shards,Quiet Forest,LeviR.star
Kirby 64: The Crystal Shards,Ripple Star,Commander6
Kirby 64: The Crystal Shards,Shiver Star,Commander6
Mario Kart 64,Banshee Boardwalk,Bloop
Mario Kart 64,Battle,The Deku Trombonist
Mega Man ZX,Sky High - Grand Nuage -,mikel
Mega Man ZX Advent,Slam Down,Jake_Luigi
Meteos,Ending 2,WiiMan96
New Super Mario Bros.,Athletic,Sebastian
New Super Mario Bros.,Bonus Area,amc
New Super Mario Bros.,Bowser Jr. Battle,LeviR.star
New Super Mario Bros.,Castle,Tobbeh99
New Super Mario Bros.,Lava Overworld,Latios212
New Super Mario Bros.,Mega Mushroom,Joel Hands-Otte
New Super Mario Bros.,Overworld,LeviR.star
New Super Mario Bros.,Overworld (Vs. Mode),Latios212
New Super Mario Bros.,Title Screen,Nana1Popo2
New Super Mario Bros.,Toad House,Static
Mario Kart 64,Bowser's Castle,Clanker37
Mario Kart 64,Choco Mountain,The Deku Trombonist
Mario Kart 64,Frappe Snowland (Two Pianos),WiiMan96
Mario Kart 64,Kalimari Desert,The Deku Trombonist
Mario Kart 64,Koopa Troopa Beach,The Deku Trombonist
Mario Kart 64,Mario Raceway,The Deku Trombonist
Mario Kart 64,Moo Moo Farm / Yoshi Valley,Olimar12345
Mario Kart 64,Prize #1 (1st - 3rd),The Deku Trombonist
Mario Kart 64,Rainbow Road,The Deku Trombonist
Mario Kart 64,Result #1 (Win),The Deku Trombonist
Mario Kart 64,Result #2 (Lose),The Deku Trombonist
Mario Kart 64,Result #3 (VS & Battle),The Deku Trombonist
Mario Kart 64,Select,The Deku Trombonist
Mario Kart 64,Staff Roll,MetroidHunter26
Mario Kart 64,Staff Roll (Four Hands),Nine Lives
New Super Mario Bros.,Underground,Sebastian
New Super Mario Bros.,Walking the Hot Desert (Two Pianos),Greg
New Super Mario Bros.,Walking the Plains (Two Pianos),Greg
New Super Mario Bros.,World 1 (The Plains) (Two Pianos),Greg
New Super Mario Bros.,World 3 (The Beach),Greg
"Nine Hours, Nine Persons, Nine Doors",9 Years,Maelstrom
"Nine Hours, Nine Persons, Nine Doors",Morphogenetic Sorrow,Maelstrom
Nintendogs,Naptime Record,PokéMaster
Phoenix Wright: Ace Attorney,Ace Attorney - Court Begins,mastersuperfan
Phoenix Wright: Ace Attorney,Courtroom Lobby ~ The First Prelude,mastersuperfan
Phoenix Wright: Ace Attorney,Cross-Examination ~ Allegro 2001,mastersuperfan
Phoenix Wright: Ace Attorney,Cross-Examination ~ Moderato 2001,Maelstrom
Mario Kart 64,Star,The Deku Trombonist
Mario Kart 64,Start Grid Fanfare (GP & VS),TheMarioPianist
Mario Kart 64,Title Screen,The Deku Trombonist
Mario Kart 64,Toad's Turnpike,Static
Mario Party,Eternal Star,Nacho2420
Mario Party,Everyone's a Super Star,Nacho2420
Mario Party,Faster Than All,Olimar12345
Mario Party,Let's Play a Mini-Game!,E. Gadd Industries
Mario Party,Magma Mountain,cacabish
Mario Party,Mini-Game Stadium,PseudoMario16
Mario Party,Mushroom Shop,WiiMan96
Mario Party,Opening Theme,Nacho2420
Mario Party,Rainbow Castle,Nacho2420
Mario Party,Saving Courage,cacabish
Mario Party,The Adventure Begins,PseudoMario16
Mario Party 2,Ending Theme,Nacho2420
Mario Party 2,Going Somewhere,cacabish
Phoenix Wright: Ace Attorney,"Dick Gumshoe ~ It's Detective Gumshoe, Pal!",jb3ck15
Phoenix Wright: Ace Attorney,Ema Skye ~ Turnabout Sisters' Theme 2005,Onionleaf
Phoenix Wright: Ace Attorney,Investigation ~ Core 2001,Onionleaf
Phoenix Wright: Ace Attorney,Investigation ~ Opening 2001,mastersuperfan
Phoenix Wright: Ace Attorney,Logic and Trick,Maelstrom
Phoenix Wright: Ace Attorney,"Marvin Grossberg ~ Old Age, Regret, Retribution",Onionleaf
Phoenix Wright: Ace Attorney,Maya Fey ~ Turnabout Sisters' Theme 2001,mastersuperfan
Phoenix Wright: Ace Attorney,Phoenix Wright ~ Objection! 2001,mastersuperfan
Phoenix Wright: Ace Attorney,Pursuit ~ Cornered,mastersuperfan
Phoenix Wright: Ace Attorney,Pursuit ~ Cornered (Two Pianos),mastersuperfan
Phoenix Wright: Ace Attorney,Suspense,mastersuperfan
Phoenix Wright: Ace Attorney,Tell the Truth 2001,Maelstrom
Phoenix Wright: Ace Attorney,"The Steel Samurai, Warrior of Neo Olde Tokyo",mastersuperfan
Phoenix Wright: Ace Attorney,Turnabout Sisters' Ballad,mastersuperfan
Phoenix Wright: Ace Attorney: Justice for All,Court Begins,mastersuperfan
Mario Party 2,Horror Land,cacabish
Mario Party 2,Keepin' on the Path,Nine Lives
Mario Party 2,Space Land,The Deku Trombonist
Mario Party 2,Star Spot,The Deku Trombonist
Mario Party 2,Start of the Adventure,dahans
Mario Party 2,The Adventure Ends,Dimentio
Mario Party 2,The Blue Skies Yonder,cacabish
Mario Party 2,The Way to Play,Nacho2420
Mario Party 2,Western Land,Nine Lives
Mario Party 3,Castle Grounds,The Deku Trombonist
Mario Party 3,Chilly Waters,Nacho2420
Mario Party 3,Ending Theme,dahans
Mario Party 3,Looking Ahead,dahans
Mario Party 3,Preparation for Adventure,Nacho2420
Mario Party 3,Select a File,FierceDeity
Phoenix Wright: Ace Attorney: Justice for All,Cross-Examination ~ Allegro 2002,mastersuperfan
Phoenix Wright: Ace Attorney: Justice for All,Eccentric (Two Pianos),mastersuperfan
Phoenix Wright: Ace Attorney: Justice for All,Great Revival ~ Franziska von Karma,mastersuperfan
Phoenix Wright: Ace Attorney: Justice for All,Great Revival ~ Miles Edgeworth,mastersuperfan
Phoenix Wright: Ace Attorney: Justice for All,Phoenix Wright ~ Objection! 2002,mastersuperfan
Phoenix Wright: Ace Attorney: Trials and Tribulations,Detention Center ~ Elegy of the Detained,Onionleaf
Phoenix Wright: Ace Attorney: Trials and Tribulations,Furio Tigre: Swingin' Tiger,Jordan Knapp
Phoenix Wright: Ace Attorney: Trials and Tribulations,Godot ~ The Fragrance of Dark Coffee,mastersuperfan
Phoenix Wright: Ace Attorney: Trials and Tribulations,Prologue,Jordan Knapp
Phoenix Wright: Ace Attorney: Trials and Tribulations,Trés Bien,Onionleaf
Pokémon Black Version & Pokémon White Version,A Day of Beginnings,Latios212
Mario Party 3,Spiny Desert,cacabish
Mario Party 3,The Adventure Ends,The Deku Trombonist
Mario Party 3,Title Screen,The Deku Trombonist
Mario Party 3,Woody Woods,dahans
Mario Tennis,D.K.'s Court,PseudoMario16
Mario Tennis,Yoshi's and Baby Mario's Court,PseudoMario16
Mission: Impossible 64,Embassy Function,Sebastian
Paper Mario,Angry Bowser,Maelstrom
Paper Mario,Approach to the Mansion,Nacho2420
Paper Mario,Attack on the Koopa Bros.,Don Valentino
Pokémon Black Version & Pokémon White Version,A Tight Spot During Battle!,JDMEK5
Pokémon Black Version & Pokémon White Version,Accumula Town,DrP
Pokémon Black Version & Pokémon White Version,An Unwavering Heart,JDMEK5
Pokémon Black Version & Pokémon White Version,Anville Town,Olimar12345
Pokémon Black Version & Pokémon White Version,Battle! (Cheren/Bianca),JDMEK5
Pokémon Black Version & Pokémon White Version,Battle! (Elite Four),JDMEK5
Pokémon Black Version & Pokémon White Version,Battle! (Legendary Pokémon),Purple1222119
Pokémon Black Version & Pokémon White Version,Battle! (Team Plasma),Latios212
Pokémon Black Version & Pokémon White Version,Battle! (Trainer Battle),JDMEK5
Pokémon Black Version & Pokémon White Version,Battle! (Wild Pokémon),Olimar12345
Pokémon Black Version & Pokémon White Version,Bicycle,Latios212
Pokémon Black Version & Pokémon White Version,Castelia City,DrP
Pokémon Black Version & Pokémon White Version,Castelia City (Two Pianos),JDMEK5
Paper Mario,Battle Fanfare,FierceDeity
Paper Mario,Beach Tunes,Sebastian
Paper Mario,Boos' Dance,Sebastian
Paper Mario,Caught!,Sebastian
Paper Mario,Chanterelle's Song,Nacho2420
Paper Mario,Chomp Attack,FierceDeity
Paper Mario,Clouds Over Flower Fields,Sebastian
Paper Mario,Club 64,Nacho2420
Paper Mario,Cold Reception in Shiver City,The Deku Trombonist
Paper Mario,Crystal Palace Crawl,Tangy
Paper Mario,Detective Mario,Olimar12345
Paper Mario,Dry Dry Desert Trek,Bloop
Paper Mario,Forever Forest Theme,Sebastian
Kirby Slide,In-Game & Puzzle Cleared,LeviR.star
Pokémon Black Version & Pokémon White Version,Champion Alder,JDMEK5
Pokémon Black Version & Pokémon White Version,Coronation Day,JDMEK5
Pokémon Black Version & Pokémon White Version,Dragonspiral Tower,Bespinben
Pokémon Black Version & Pokémon White Version,Driftveil City,Jompa
Pokémon Black Version & Pokémon White Version,Driftveil Drawbridge,Cashwarrior1
Pokémon Black Version & Pokémon White Version,"Ending ""Onward to Our Own Futures"" (Two Pianos)",JDMEK5
Pokémon Black Version & Pokémon White Version,Ghetsis' Ambitions,JDMEK5
Pokémon Black Version & Pokémon White Version,Icirrus City,DrP
Pokémon Black Version & Pokémon White Version,Lacunosa Town,Latios212
Pokémon Black Version & Pokémon White Version,Mistralton City,DrP
Pokémon Black Version & Pokémon White Version,Musical Hall,Jordan Knapp
Pokémon Black Version & Pokémon White Version,Musical Hall (Two Pianos),Joel Hands-Otte
Paper Mario,Freeze!,spitllama
Paper Mario,Fuzzys Stole My Shell,Olimar12345
Paper Mario,Gates of Goomba Castle,Bloop
Paper Mario,Ghost Gulping,Sebastian
Paper Mario,Goomba Village,Sebastian
Paper Mario,Gusty Gulch Adventure,Bloop
Paper Mario,"Hang In There, Peach!",FireArrow
Paper Mario,Hey You!,The Deku Trombonist
Paper Mario,Jade Jungle,Sebastian
Paper Mario,Jr. Troopa,Dudeman
Paper Mario,K64 Train Ride,The Deku Trombonist
Paper Mario,Kammy Koopa's Theme,Bloop
Paper Mario,Keeping Pace,Nacho2420
Paper Mario,Koopa Bros. Keep Cool,Olimar12345
Paper Mario,Koopa Bros. Tricks,FierceDeity
Paper Mario,Koopa Village,Tangy
Pokémon Black Version & Pokémon White Version,N's Castle,Latios212
Pokémon Black Version & Pokémon White Version,N's Farewell,Bespinben
Pokémon Black Version & Pokémon White Version,"N, the Pokémon Child",Joel Hands-Otte
Pokémon Black Version & Pokémon White Version,Nacrene City,Latios212
Pokémon Black Version & Pokémon White Version,Nimbasa City,JDMEK5
Pokémon Black Version & Pokémon White Version,Nuvema Town,JDMEK5
Pokémon Black Version & Pokémon White Version,Obtained a TM!,Don Valentino
Pokémon Black Version & Pokémon White Version,Opelucid City (Pokémon Black),Joel Hands-Otte
Pokémon Black Version & Pokémon White Version,Opelucid City (Pokémon White),Joel Hands-Otte
Pokémon Black Version & Pokémon White Version,Opelucid City (Pokémon White) (Two Pianos),Joel Hands-Otte
Paper Mario,Main Menu,Sebastian
Paper Mario,March Ahead,Nacho2420
Paper Mario,Mario and Peach's Theme,Nacho2420
Paper Mario,Mario Bros. House,Sebastian
Paper Mario,Master Battle,Sebastian
Paper Mario,Mt. Rugged Theme,FierceDeity
Paper Mario,Mysterious Dry Dry Outpost,Nacho2420
Paper Mario,New Member,The Deku Trombonist
Paper Mario,Over Shiver Mountain,Bloop
Paper Mario,Petunia Under Attack!,Nacho2420
Paper Mario,Princess in Distress,Sebastian
Paper Mario,Raphael the Raven,Don Valentino
Pokémon Black Version & Pokémon White Version,Pokémon World Championships Final (Four Hands),JDMEK5
Pokémon Black Version & Pokémon White Version,Relic Song,Jompa
Pokémon Black Version & Pokémon White Version,Route 1,JDMEK5
Pokémon Black Version & Pokémon White Version,Route 10,The Deku Trombonist
Pokémon Black Version & Pokémon White Version,Route 2,JDMEK5
Pokémon Black Version & Pokémon White Version,Route 4,Jordan Knapp
Pokémon Black Version & Pokémon White Version,Route 6,DrP
Pokémon Black Version & Pokémon White Version,Skyarrow Bridge,Onionleaf
Pokémon Black Version & Pokémon White Version,Striaton City,Latios212
Pokémon Black Version & Pokémon White Version,Surf,Latios212
Pokémon Black Version & Pokémon White Version,The Pokémon League,JDMEK5
Pokémon Black Version & Pokémon White Version,Undella Town (Autumn/Winter/Spring),The Deku Trombonist
Paper Mario,Shooting Star Summit,The Deku Trombonist
Paper Mario,Shy Guy Riot,Sebastian
Paper Mario,Shy Guy's Toy Box,Bloop
Paper Mario,Snow Road,Bloop
Paper Mario,Star Spirits' Request,spitllama
Paper Mario,Story of the Stolen Spirits,Bloop
Paper Mario,The Castle Crumbles,Sebastian
Paper Mario,Toad Town,Nacho2420
Paper Mario,Toad Town Variations,Sebastian
Paper Mario,Tubba Blubba's Castle,Nacho2420
Pokémon Black Version & Pokémon White Version,Undella Town (Summer),DrP
Pokémon Black Version & Pokémon White Version,Village Bridge,Latios212
Pokémon Black Version & Pokémon White Version,White Forest,Cashwarrior1
Pokémon Black Version & Pokémon White Version,Xtransceiver,JDMEK5
Pokémon Black Version 2 & Pokémon White Version 2,Aspertia City,Trasdegi
Pokémon Black Version 2 & Pokémon White Version 2,Battle! (Gym Leader-Hoenn Version),JDMEK5
Pokémon Black Version 2 & Pokémon White Version 2,Battle! (Gym Leader-Hoenn Version) (Two Pianos),JDMEK5
Pokémon Black Version 2 & Pokémon White Version 2,Battle! (Gym Leader-Johto Version),JDMEK5
Pokémon Black Version 2 & Pokémon White Version 2,Battle! (Gym Leader-Johto Version) (Two Pianos),JDMEK5
Paper Mario,Twink's Theme,Tangy
Paper Mario,Walking on the Clouds,Sebastian
Paper Mario,Welcome to Yoshi's Village,Sebastian
Paper Mario,Whale Ride,Sebastian
Paper Mario,Wish of the Princess,Bespinben
Perfect Dark,Chicago: Stealth,Yug Guy
Pokémon Snap,A Mysterious Sighting,JDMEK5
Pokémon Snap,Snapshot Lullaby,JDMEK5
Pokémon Stadium,Sushi-Go-Round,Yug Guy
Star Fox 64,All Clear,Fernman
Pokémon Black Version 2 & Pokémon White Version 2,Battle! (Gym Leader-Kanto Version),JDMEK5
Pokémon Black Version 2 & Pokémon White Version 2,Battle! (Gym Leader-Kanto Version) (Two Pianos),JDMEK5
Pokémon Black Version 2 & Pokémon White Version 2,Battle! (Gym Leader-Sinnoh Version),JDMEK5
Pokémon Black Version 2 & Pokémon White Version 2,Battle! (Gym Leader-Sinnoh Version) (Two Pianos),JDMEK5
Pokémon Black Version 2 & Pokémon White Version 2,Castelia City Gym,Cashwarrior1
Pokémon Black Version 2 & Pokémon White Version 2,Cave of Being,Bubbles
Pokémon Black Version 2 & Pokémon White Version 2,Join Avenue - Greeting!,MoboMoga
Pokémon Black Version 2 & Pokémon White Version 2,N's Castle,Trasdegi
Pokémon Black Version 2 & Pokémon White Version 2,N's Room,Yugikun
Pokémon Black Version 2 & Pokémon White Version 2,N's Theme,Jordan Knapp
Pokémon Black Version 2 & Pokémon White Version 2,THE END,Yugikun
Pokémon Black Version 2 & Pokémon White Version 2,Virbank City,Latios212
Pokémon Diamond Version & Pokémon Pearl Version,A Poké Radar Hit!,Th3Gavst3r
Star Fox 64,Aquas,Darth Makar
Star Fox 64,Bill's Theme & Katt's Theme,Kricketune54
Star Fox 64,Introduction,evilsqueaky
Star Fox 64,Map,The Deku Trombonist
Star Fox 64,Meteo,Kricketune54
Star Fox 64,Sector X,Commander6
Star Fox 64,Star Wolf,Fantastic Ike
Star Fox 64,Start Demo 1 (Starfox Main Theme),Bespinben
Super Mario 64,Cave Dungeon,Sebastian
Super Mario 64,Correct Solution,The Deku Trombonist
Pokémon Diamond Version & Pokémon Pearl Version,A Surprise at the Lake,AmpharosAndy
Pokémon Diamond Version & Pokémon Pearl Version,Battle! (Azelf/Mesprit/Uxie),Zeila
Pokémon Diamond Version & Pokémon Pearl Version,Battle! (Champion),Libera
Pokémon Diamond Version & Pokémon Pearl Version,Battle! (Elite Four),QWERTYkid911
Pokémon Diamond Version & Pokémon Pearl Version,Battle! (Gym Leader),Th3Gavst3r
Pokémon Diamond Version & Pokémon Pearl Version,Battle! (Legendary Pokémon),Sebastian
Pokémon Diamond Version & Pokémon Pearl Version,Battle! (Rival),JDMEK5
Pokémon Diamond Version & Pokémon Pearl Version,Battle! (Team Galactic Boss),JDMEK5
Pokémon Diamond Version & Pokémon Pearl Version,Battle! (Team Galactic Commander),JDMEK5
Pokémon Diamond Version & Pokémon Pearl Version,Battle! (Team Galactic),JDMEK5
Pokémon Diamond Version & Pokémon Pearl Version,Battle! (Trainer Battle),JDMEK5
Super Mario 64,"Dire, Dire Docks",Nacho2420
Super Mario 64,File Select,The Deku Trombonist
Super Mario 64,Game Start,Sebastian
Super Mario 64,Inside the Castle Walls,Don Valentino
Super Mario 64,Koopa Clear,JDMEK5
Super Mario 64,Koopa's Road,Don Valentino
Super Mario 64,Koopa's Theme,Dudeman
Super Mario 64,Lakitu's Message,Sebastian
Super Mario 64,Lethal Lava Land,Olimar12345
Super Mario 64,Looping Steps,Don Valentino
Pokémon Diamond Version & Pokémon Pearl Version,Battle! (Wild Pokémon),JDMEK5
Pokémon Diamond Version & Pokémon Pearl Version,Canalave City (Day),Don Valentino
Pokémon Diamond Version & Pokémon Pearl Version,Champion Cynthia,Th3Gavst3r
Pokémon Diamond Version & Pokémon Pearl Version,Contest Hall,AmpharosAndy
Pokémon Diamond Version & Pokémon Pearl Version,Contest: Results Announcement,FireArrow
Pokémon Diamond Version & Pokémon Pearl Version,Contest: Results Announcement (Four Hands),FireArrow
Pokémon Diamond Version & Pokémon Pearl Version,Decisive Battle! (Pokémon League),Zeila
Pokémon Diamond Version & Pokémon Pearl Version,Eterna City (Day),Latios212
Pokémon Diamond Version & Pokémon Pearl Version,Eterna City (Night),FireArrow
Pokémon Diamond Version & Pokémon Pearl Version,Eterna Forest,Zeila
Pokémon Diamond Version & Pokémon Pearl Version,Evolution,Sebastian
Pokémon Diamond Version & Pokémon Pearl Version,Fight Area (Day),dajwxp
Pokémon Diamond Version & Pokémon Pearl Version,Floaroma Town (Day),Latios212
Super Mario 64,Merry-Go-Round,Sebastian
Super Mario 64,Metallic Mario,Sebastian
Super Mario 64,Opening,JDMEK5
Super Mario 64,Peach's Message,Sebastian
Super Mario 64,Piranha Plant's Lullaby,Latios212
Super Mario 64,Piranha Plant's Lullaby - Piano,The Deku Trombonist
Super Mario 64,Power Star,Sebastian
Super Mario 64,Powerful Mario,The Deku Trombonist
Super Mario 64,Race Fanfare,JDMEK5
Super Mario 64,Slider,Sebastian
Super Mario 64,Slider (Four Hands),Sebastian
Pokémon Diamond Version & Pokémon Pearl Version,Game Corner,Sebastian
Pokémon Diamond Version & Pokémon Pearl Version,Hearthome City (Day),FireArrow
Pokémon Diamond Version & Pokémon Pearl Version,Jubilife City (Day),JDMEK5
Pokémon Diamond Version & Pokémon Pearl Version,Lake,Zeila
Pokémon Diamond Version & Pokémon Pearl Version,Lake Caverns,Don Valentino
Pokémon Diamond Version & Pokémon Pearl Version,Let's Go Together!,Latios212
Pokémon Diamond Version & Pokémon Pearl Version,Mt. Coronet,Bespinben
Pokémon Diamond Version & Pokémon Pearl Version,Mystery Gift,Latios212
Pokémon Diamond Version & Pokémon Pearl Version,Nintendo Wi-Fi Connection,Latios212
Pokémon Diamond Version & Pokémon Pearl Version,Obtained a Key Item!,Thomas Wilson
Action 52,Game 52: Action Gamemaster (Cheetahmen Theme),Yugikun
Super Mario 64,Slider (Two Pianos),Sebastian
Super Mario 64,Snow Mountain,Olimar12345
Super Mario 64,Staff Roll,Don Valentino
Super Mario 64,Star Catch Fanfare,Sebastian
Super Mario 64,Super Mario 64 Main Theme,TheMarioPianist
Super Mario 64,Title Theme,TheMarioPianist
Super Mario 64,Toad's Message,Sebastian
Super Mario 64,Ultimate Koopa,Don Valentino
Super Mario 64,Ultimate Koopa Clear,Sebastian
Super Smash Bros.,All Clear,AwesomeYears
Super Smash Bros.,Character Select,LeviR.star
Pokémon Diamond Version & Pokémon Pearl Version,Obtained an Item!,Th3Gavst3r
Pokémon Diamond Version & Pokémon Pearl Version,Old Chateau,Sebastian
Pokémon Diamond Version & Pokémon Pearl Version,Oreburgh City (Day) (Four Hands),dajwxp
Pokémon Diamond Version & Pokémon Pearl Version,Oreburgh Mine,AmpharosAndy
Pokémon Diamond Version & Pokémon Pearl Version,Poffins,Trasdegi
Pokémon Diamond Version & Pokémon Pearl Version,Pokémon Center (Day),Yug Guy
Pokémon Diamond Version & Pokémon Pearl Version,Pokémon Center (Night),Yug Guy
Pokémon Diamond Version & Pokémon Pearl Version,Pokémon Gym,Jompa
Pokémon Diamond Version & Pokémon Pearl Version,Pokémon Healed,Th3Gavst3r
Pokémon Diamond Version & Pokémon Pearl Version,Pokémon League (Day),QWERTYkid911
Air Fortress,Evacuation,Jacopo Tore
Air Fortress,Title Screen / Prologue,Jacopo Tore
Aladdin,Prince Ali,Jacopo Tore
Anticipation,Puzzle Solving,Jacopo Tore
Anticipation,Title Screen,Joeberryosponge
Arkista's Ring,Overworld,Andrea Carta
Balloon Fight,Balloon Trip,Th3Gavst3r
Blaster Master,Area 1,Yug Guy
Bomberman,Music from Bomberman,LeviR.star
Castlevania,Black Night,Tobbeh99
Super Smash Bros.,Classic Clear! (Fox),"Fabian ""JFK"" Kuhnlein"
Super Smash Bros.,Dream Land,Latios212
Super Smash Bros.,Fighting Polygon Team,Olimar12345
Super Smash Bros.,Hyrule Castle,Thomas Wilson
Super Smash Bros.,Peach's Castle,Static
Super Smash Bros.,Saffron City,Latios212
The Legend of Zelda: Majora's Mask,Alien Invasion,Jesse J.K.
The Legend of Zelda: Majora's Mask,Astral Observatory,The Deku Trombonist
The Legend of Zelda: Majora's Mask,Boat Cruise,The Deku Trombonist
Pokémon Diamond Version & Pokémon Pearl Version,Pokémon League (Night),Pianist Da Sootopolis
Pokémon Diamond Version & Pokémon Pearl Version,Route 201 (Day),Latios212
Pokémon Diamond Version & Pokémon Pearl Version,Route 201 (Night),Latios212
Pokémon Diamond Version & Pokémon Pearl Version,Route 205 (Day) (Two Pianos),dahans
Pokémon Diamond Version & Pokémon Pearl Version,Route 205 (Night),Joel Hands-Otte
Pokémon Diamond Version & Pokémon Pearl Version,Route 205 (Night) (Four Hands),Joel Hands-Otte
Pokémon Diamond Version & Pokémon Pearl Version,Route 206 (Night),Latios212
Pokémon Diamond Version & Pokémon Pearl Version,Route 209 (Day),TheMarioPianist
Pokémon Diamond Version & Pokémon Pearl Version,Route 216 (Day),dajwxp
Pokémon Diamond Version & Pokémon Pearl Version,Route 225 (Night),Joel Hands-Otte
Castlevania,Heart of Fire,G-Han
Castlevania,Nothing to Lose,Tobbeh99
Castlevania,Out of Time,G-Han
Castlevania,Poison Mind,G-Han
Castlevania,Short Jingles,Tobbeh99
Castlevania,Stalker,G-Han
Castlevania,Underground,Tobbeh99
Castlevania,Vampire Killer,G-Han
Castlevania,Voyager,Tobbeh99
Castlevania,Walking on the Edge,G-Han
The Legend of Zelda: Majora's Mask,Boss Battle,The Deku Trombonist
The Legend of Zelda: Majora's Mask,Bremen March,Tangy
The Legend of Zelda: Majora's Mask,Calling the Four Giants,Bespinben
The Legend of Zelda: Majora's Mask,Clock Tower,The Deku Trombonist
The Legend of Zelda: Majora's Mask,Clock Town - First Day,Tangy
The Legend of Zelda: Majora's Mask,Clock Town - Second Day,Tangy
The Legend of Zelda: Majora's Mask,Clock Town - Third Day,Latios212
The Legend of Zelda: Majora's Mask,Clock Town - Third Day (Four Hands),Latios212
The Legend of Zelda: Majora's Mask,Cremia's Carriage,JDMEK5
The Legend of Zelda: Majora's Mask,Deku Palace,The Deku Trombonist
The Legend of Zelda: Majora's Mask,Elegy of Emptiness,Olimar12345
The Legend of Zelda: Majora's Mask,Goron Lullaby,Sebastian
The Legend of Zelda: Majora's Mask,Goron Race,The Deku Trombonist
Pokémon Diamond Version & Pokémon Pearl Version,Route 225 (Night) (Four Hands),Joel Hands-Otte
Pokémon Diamond Version & Pokémon Pearl Version,Route 228 (Night),Joel Hands-Otte
Pokémon Diamond Version & Pokémon Pearl Version,Route 228 (Night) (Four Hands),Joel Hands-Otte
Pokémon Diamond Version & Pokémon Pearl Version,Sandgem Town (Day),braix
Pokémon Diamond Version & Pokémon Pearl Version,Snowpoint City (Day),Zeila
Pokémon Diamond Version & Pokémon Pearl Version,Solaceon Town (Day),Latios212
Pokémon Diamond Version & Pokémon Pearl Version,Spear Pillar,Th3Gavst3r
Pokémon Diamond Version & Pokémon Pearl Version,Stark Mountain,Joel Hands-Otte
Pokémon Diamond Version & Pokémon Pearl Version,Surf,Latios212
Pokémon Diamond Version & Pokémon Pearl Version,Team Galactic Appears!,Don Valentino
Pokémon Diamond Version & Pokémon Pearl Version,The Legendary Pokémon Appears!,Libera
Castlevania,Wicked Child,G-Han
Castlevania II: Simon's Quest,A Requiem,LeviR.star
Castlevania II: Simon's Quest,Bloody Tears,LeviR.star
Castlevania II: Simon's Quest,Dwelling of Doom,LeviR.star
Castlevania II: Simon's Quest,Game Over,LeviR.star
Castlevania II: Simon's Quest,Last Boss,LeviR.star
Castlevania II: Simon's Quest,Message of Darkness,LeviR.star
Castlevania II: Simon's Quest,Monster Dance,LeviR.star
Castlevania II: Simon's Quest,The Silence of Daylight,LeviR.star
Castlevania II: Simon's Quest,Within These Castle Walls,LeviR.star
The Legend of Zelda: Majora's Mask,Guru Guru,Dekudude
The Legend of Zelda: Majora's Mask,Ikana Canyon,Beethoven II
The Legend of Zelda: Majora's Mask,Inverted Song of Time,Winter
The Legend of Zelda: Majora's Mask,Last Day (Final Hours),Bloop
The Legend of Zelda: Majora's Mask,Magic Hags' Potion Shop,Kothund
The Legend of Zelda: Majora's Mask,Majora's Theme,The Deku Trombonist
The Legend of Zelda: Majora's Mask,Majora's Wrath Battle,The Deku Trombonist
The Legend of Zelda: Majora's Mask,Mayor's Office,The Deku Trombonist
The Legend of Zelda: Majora's Mask,Middle Boss Battle,Beethoven II
The Legend of Zelda: Majora's Mask,Milk Bar,G-Han
The Legend of Zelda: Majora's Mask,Mini Game,The Deku Trombonist
The Legend of Zelda: Majora's Mask,Music Box House,G-Han
The Legend of Zelda: Majora's Mask,New Wave Bossa Nova,Tangy
Pokémon Diamond Version & Pokémon Pearl Version,The Pokémon Lab,spitllama
Pokémon Diamond Version & Pokémon Pearl Version,The Pokémon Lab (Two Pianos),Latios212
Pokémon Diamond Version & Pokémon Pearl Version,Trainers' Eyes Meet (Ace Trainer),Don Valentino
Pokémon Diamond Version & Pokémon Pearl Version,Trainers' Eyes Meet (Aroma Lady),Don Valentino
Pokémon Diamond Version & Pokémon Pearl Version,Trainers' Eyes Meet (Artist),Th3Gavst3r
Pokémon Diamond Version & Pokémon Pearl Version,Trainers' Eyes Meet (Artist) (Four Hands),Don Valentino
Pokémon Diamond Version & Pokémon Pearl Version,Trainers' Eyes Meet (Cyclist),Don Valentino
Pokémon Diamond Version & Pokémon Pearl Version,Trainers' Eyes Meet (Hiker) (Four Hands),Don Valentino
Pokémon Diamond Version & Pokémon Pearl Version,Trainers' Eyes Meet (Lass),Don Valentino
Pokémon Diamond Version & Pokémon Pearl Version,Trainers' Eyes Meet (Sailor),Sebastian
Pokémon Diamond Version & Pokémon Pearl Version,Trainers' Eyes Meet (Twins),Don Valentino
Pokémon Diamond Version & Pokémon Pearl Version,Twinleaf Town (Day),Latios212
Pokémon Diamond Version & Pokémon Pearl Version,Valor Lakefront (Day),Th3Gavst3r
Castlevania III: Dracula's Curse,Aquarius,Atcero
Castlevania III: Dracula's Curse,Beginning,LeviR.star
Castlevania III: Dracula's Curse,Clockwork,Johnny Goforth
Castlevania III: Dracula's Curse,Dead Beat,Atcero
Castlevania III: Dracula's Curse,Demon Seed,Jake_Luigi
Castlevania III: Dracula's Curse,Mad Forest,Atcero
Castlevania III: Dracula's Curse,Prologue,Atcero
Castlevania III: Dracula's Curse,Riddle,LeviR.star
Circus Charlie,Stage 1,Jacopo Tore
Circus Charlie,Stage 2,Jacopo Tore
Clu Clu Land,Music from Clu Clu Land,Yug Guy
Crystalis,The Great Pyramid,Yug Guy
The Legend of Zelda: Majora's Mask,Oath to Order,G-Han
The Legend of Zelda: Majora's Mask,Opening,Dekudude
The Legend of Zelda: Majora's Mask,Piano Practice,Dekudude
The Legend of Zelda: Majora's Mask,Pirates' Fortress,The Deku Trombonist
The Legend of Zelda: Majora's Mask,Rosa Sisters,The Deku Trombonist
The Legend of Zelda: Majora's Mask,Sharp's Curse,The Deku Trombonist
The Legend of Zelda: Majora's Mask,Sonata of Awakening,The Deku Trombonist
The Legend of Zelda: Majora's Mask,Song of Double Time,Dekudude
The Legend of Zelda: Majora's Mask,Song of Healing,The Deku Trombonist
The Legend of Zelda: Majora's Mask,Song of Soaring,Zunawe
The Legend of Zelda: Majora's Mask,Southern Swamp,The Deku Trombonist
The Legend of Zelda: Majora's Mask,Stone Tower Temple,The Deku Trombonist
Pokémon Diamond Version & Pokémon Pearl Version,Valor Lakefront (Night),dajwxp
Pokémon Diamond Version & Pokémon Pearl Version,Veilstone City (Day),Latios212
Pokémon Diamond Version & Pokémon Pearl Version,Victory Road,Latios212
Pokémon Diamond Version & Pokémon Pearl Version,Victory! (Gym Leader),Latios212
Pokémon Diamond Version & Pokémon Pearl Version,Victory! (Team Galactic),AmpharosAndy
Pokémon Diamond Version & Pokémon Pearl Version,Victory! (Trainer Battle),AmpharosAndy
Pokémon Diamond Version & Pokémon Pearl Version,Victory! (Wild Pokémon),Th3Gavst3r
Pokémon Diamond Version & Pokémon Pearl Version,You're a Jackpot Winner!,Onionleaf
Pokémon Diamond Version & Pokémon Pearl Version,You're a Winner!,Onionleaf
Pokémon HeartGold Version & Pokémon SoulSilver Version,An Adventure Begins!,The Deku Trombonist
Crystalis,Town,Yug Guy
Digital Devil Story: Megami Tensei,Last Battle,Static
Digital Devil Story: Megami Tensei II,Death Match,Static
Donkey Kong,25M,WiiMan96
Donkey Kong,Game Start,Tangy
Donkey Kong,Hammer,WiiMan96
Donkey Kong,Radar,WiiMan96
Dr. Jekyll and Mr. Hyde,Transformation to Jekyll,Jacopo Tore
Dr. Mario,Chill,Nine Lives
Dr. Mario,Endings,Nine Lives
Dr. Mario,Fever,ThatHiddenCharacter
Dr. Mario,Title Screen,Latios212
The Legend of Zelda: Majora's Mask,Tatl and Tael,FierceDeity
The Legend of Zelda: Majora's Mask,Termina Field,The Deku Trombonist
The Legend of Zelda: Majora's Mask,Title Screen,The Deku Trombonist
The Legend of Zelda: Ocarina of Time,Bolero of Fire,G-Han
The Legend of Zelda: Ocarina of Time,Boss Battle,The Deku Trombonist
The Legend of Zelda: Ocarina of Time,Dinosaur Boss Battle,Olimar12345
The Legend of Zelda: Ocarina of Time,End Credits,Zunawe
The Legend of Zelda: Ocarina of Time,Escape From Ganon's Castle,The Deku Trombonist
Pokémon HeartGold Version & Pokémon SoulSilver Version,Battle! (Trainer Battle—Johto Version) (Two Pianos),JDMEK5
Pokémon HeartGold Version & Pokémon SoulSilver Version,Battle! (Wild Pokémon - Kanto Version) (Two Pianos),JDMEK5
Pokémon HeartGold Version & Pokémon SoulSilver Version,Cerulean City,JDMEK5
Pokémon HeartGold Version & Pokémon SoulSilver Version,Cianwood City,Latios212
Pokémon HeartGold Version & Pokémon SoulSilver Version,Cinnabar Island,Nebbles
Pokémon HeartGold Version & Pokémon SoulSilver Version,Goldenrod City,Latios212
Pokémon HeartGold Version & Pokémon SoulSilver Version,Goldenrod Game Corner,The Deku Trombonist
Pokémon HeartGold Version & Pokémon SoulSilver Version,Lavender Town,Latios212
Pokémon HeartGold Version & Pokémon SoulSilver Version,Lyra,DrP
Pokémon HeartGold Version & Pokémon SoulSilver Version,National Park,Olimar12345
Pokémon HeartGold Version & Pokémon SoulSilver Version,New Bark Town,Latios212
Pokémon HeartGold Version & Pokémon SoulSilver Version,Pewter City (Four Hands),Latios212
Pokémon HeartGold Version & Pokémon SoulSilver Version,Pokégear Radio: Unown,Latios212
Pokémon HeartGold Version & Pokémon SoulSilver Version,Pokémaniac Encounter,Jordan Knapp
Dr. Mario,VS Game Over,Nine Lives
Dragon Buster,Catacomb,Jacopo Tore
Dragon Buster,Game Over,Jacopo Tore
Dragon Quest,Chateau Ladutorm,Yug Guy
Dragon Quest,Dragonlord,LeviR.star
Dragon Quest,Dungeon,Sebastian
Dragon Quest,Miscellaneous Short Themes,LeviR.star
Dragon Quest,Overture March,Yug Guy
Dragon Quest,People,LeviR.star
Dragon Quest,Unknown World,Yug Guy
Dragon Quest II: Luminaries of the Legendary Line,Ever Upwards/Devil's Tower,Commander6
Dragon Quest III: The Seeds of Salvation,Ramia's Flight,Gabriele Sechi
The Legend of Zelda: Ocarina of Time,Escape From Lon Lon Ranch,The Deku Trombonist
The Legend of Zelda: Ocarina of Time,Fairy Flying,The Deku Trombonist
The Legend of Zelda: Ocarina of Time,Final Battle Against Ganon,Bespinben
The Legend of Zelda: Ocarina of Time,Forest Temple,The Deku Trombonist
The Legend of Zelda: Ocarina of Time,Game Over,The Deku Trombonist
The Legend of Zelda: Ocarina of Time,Ganon's Tower,Bespinben
The Legend of Zelda: Ocarina of Time,Ganondorf Battle,Bespinben
The Legend of Zelda: Ocarina of Time,Gerudo Valley,Zunawe
The Legend of Zelda: Ocarina of Time,Goron City,Sekter77
The Legend of Zelda: Ocarina of Time,Great Fairy Fountain,The Deku Trombonist
The Legend of Zelda: Ocarina of Time,Horse Race,Sekter77
The Legend of Zelda: Ocarina of Time,House,G-Han
The Legend of Zelda: Ocarina of Time,Hyrule Castle Courtyard,Don Valentino
The Legend of Zelda: Ocarina of Time,Hyrule Field,The Deku Trombonist
Pokémon HeartGold Version & Pokémon SoulSilver Version,Pokémon Center,JDMEK5
Pokémon HeartGold Version & Pokémon SoulSilver Version,Pokéwalker,The Deku Trombonist
Pokémon HeartGold Version & Pokémon SoulSilver Version,Radio Transmission,Latios212
Pokémon HeartGold Version & Pokémon SoulSilver Version,Route 47,The Deku Trombonist
Pokémon HeartGold Version & Pokémon SoulSilver Version,Safari Zone Gate,The Deku Trombonist
Pokémon HeartGold Version & Pokémon SoulSilver Version,Team Rocket HQ,The Deku Trombonist
Pokémon HeartGold Version & Pokémon SoulSilver Version,The Pokémon League,Latios212
Pokémon HeartGold Version & Pokémon SoulSilver Version,Title Screen,JDMEK5
Pokémon HeartGold Version & Pokémon SoulSilver Version,Viridian Forest,Clanker37
Pokémon HeartGold Version & Pokémon SoulSilver Version,Viridian Forest (Two Pianos),braix
Pokémon Mystery Dungeon: Explorers of Sky,Barren Valley,InsigTurtle
Pokémon Mystery Dungeon: Explorers of Sky,Defend Globe,InsigTurtle
Pokémon Mystery Dungeon: Explorers of Sky,Here Comes Team Charm!,mastersuperfan
Pokémon Mystery Dungeon: Explorers of Sky,Limestone Cavern,InsigTurtle
Animal Crossing,10:00 A.M.,The Deku Trombonist
Dragon Quest III: The Seeds of Salvation,Rondo,LeviR.star
Duck Hunt,Clay-Shooting Intro,Th3Gavst3r
Duck Hunt,Game Over,Th3Gavst3r
Duck Hunt,Round Clear,Th3Gavst3r
Duck Hunt,Round Start,Th3Gavst3r
Duck Hunt,Title Screen,Th3Gavst3r
DuckTales,African Mines,Nine Lives
DuckTales,Amazon,The Deku Trombonist
DuckTales,Boss,Nine Lives
DuckTales,Boss Victory Theme,Thomas Wilson
DuckTales,Himalayas,Thomas Wilson
The Legend of Zelda: Ocarina of Time,Ice Cavern,Brian Ross
The Legend of Zelda: Ocarina of Time,Inside the Deku Tree,Sidon327
The Legend of Zelda: Ocarina of Time,Jabu Jabu's Belly,Dekudude
The Legend of Zelda: Ocarina of Time,Kaepora Gaebora's Theme,Sekter77
The Legend of Zelda: Ocarina of Time,Kakariko Village,G-Han
The Legend of Zelda: Ocarina of Time,Kokiri Forest,The Deku Trombonist
The Legend of Zelda: Ocarina of Time,Kotake & Koume's Theme,Kothund
The Legend of Zelda: Ocarina of Time,Lakeside Laboratory,Sam Waetford
The Legend of Zelda: Ocarina of Time,Lon Lon Ranch,Beethoven II
The Legend of Zelda: Ocarina of Time,Lost Woods,The Deku Trombonist
The Legend of Zelda: Ocarina of Time,Market,GreekGeek
The Legend of Zelda: Ocarina of Time,Master Sword,Hoji
The Legend of Zelda: Ocarina of Time,Medal Get Fanfare,Hoji
Pokémon Mystery Dungeon: Explorers of Sky,Living Spirit,Bespinben
Pokémon Mystery Dungeon: Explorers of Sky,Ludicolo Dance,mastersuperfan
Pokémon Mystery Dungeon: Explorers of Sky,Sky Peak Final Pass,InsigTurtle
Pokémon Mystery Dungeon: Explorers of Sky,Spacial Cliffs,InsigTurtle
Pokémon Mystery Dungeon: Explorers of Sky,Spinda's Cafe (Two Pianos),Joel Hands-Otte
Pokémon Mystery Dungeon: Explorers of Sky,Team Charm's Theme,Joel Hands-Otte
Pokémon Mystery Dungeon: Explorers of Sky,Vast Ice Mountain Peak,Pianoth Eakòs Shaveck
Pokémon Mystery Dungeon: Explorers of Time & Pokémon Mystery Dungeon: Explorers of Darkness,A Grand Tale,Bespinben
Pokémon Mystery Dungeon: Explorers of Time & Pokémon Mystery Dungeon: Explorers of Darkness,A Sinister Smell (Team Skull's Theme),Jordan Knapp
Animal Crossing,11:00 A.M.,The Deku Trombonist
Animal Crossing,12:00 P.M. (Noon),The Deku Trombonist
Animal Crossing,1:00 P.M.,The Deku Trombonist
Animal Crossing,2:00 P.M. (Four Hands),The Deku Trombonist
Animal Crossing,5:00 P.M.,The Deku Trombonist
Animal Crossing,6:00 A.M.,Static
Animal Crossing,6:00 P.M.,The Deku Trombonist
Animal Crossing,7:00 A.M.,The Deku Trombonist
Animal Crossing,8:00 A.M.,The Deku Trombonist
Animal Crossing,8:00 P.M.,The Deku Trombonist
Animal Crossing,Able Sisters,The Deku Trombonist
DuckTales,Level Select,Thomas Wilson
DuckTales,The Moon,Nine Lives
DuckTales,Title Theme,WaluigiTime64
DuckTales,Transylvania,Thomas Wilson
DuckTales,Transylvania (Beta),LeviR.star
DuckTales 2,Egypt,Nine Lives
DuckTales 2,Niagara Falls,Nine Lives
EarthBound Beginnings,A Ghastly Site,Olimar12345
EarthBound Beginnings,Airplane Ride,Olimar12345
EarthBound Beginnings,All That I Needed Was You,Olimar12345
EarthBound Beginnings,Approaching Mt. Itoi,Olimar12345
The Legend of Zelda: Ocarina of Time,Middle Boss Battle,Zunawe
The Legend of Zelda: Ocarina of Time,Minuet of Forest,The Deku Trombonist
The Legend of Zelda: Ocarina of Time,New Ocarina Melody,The Deku Trombonist
The Legend of Zelda: Ocarina of Time,Nocturne of Shadow,The Deku Trombonist
The Legend of Zelda: Ocarina of Time,Ocarina Melodies,Sebastian
The Legend of Zelda: Ocarina of Time,Open Door of Time,The Deku Trombonist
The Legend of Zelda: Ocarina of Time,Open Treasure Chest,The Deku Trombonist
The Legend of Zelda: Ocarina of Time,Prelude of Light,The Deku Trombonist
The Legend of Zelda: Ocarina of Time,Requiem of Spirit,The Deku Trombonist
The Legend of Zelda: Ocarina of Time,Riddle of Doom (Trailer),Erich
The Legend of Zelda: Ocarina of Time,Serenade of Water,PianoMan
The Legend of Zelda: Ocarina of Time,Sheik's Theme,The Deku Trombonist
The Legend of Zelda: Ocarina of Time,Shooting Gallery,G-Han
The Legend of Zelda: Ocarina of Time,Shop,G-Han
The Legend of Zelda: Ocarina of Time,Song of Time,The Deku Trombonist
Pokémon Mystery Dungeon: Explorers of Time & Pokémon Mystery Dungeon: Explorers of Darkness,A Wish for Peace,Bubbles
Pokémon Mystery Dungeon: Explorers of Time & Pokémon Mystery Dungeon: Explorers of Darkness,Aegis Cave,Joel Hands-Otte
Pokémon Mystery Dungeon: Explorers of Time & Pokémon Mystery Dungeon: Explorers of Darkness,Amp Plains,Joel Hands-Otte
Pokémon Mystery Dungeon: Explorers of Time & Pokémon Mystery Dungeon: Explorers of Darkness,Apple Woods,Radiak488417
Pokémon Mystery Dungeon: Explorers of Time & Pokémon Mystery Dungeon: Explorers of Darkness,At the End of the Day,Bespinben
Pokémon Mystery Dungeon: Explorers of Time & Pokémon Mystery Dungeon: Explorers of Darkness,Beach Cave,FiveNineSquared
Pokémon Mystery Dungeon: Explorers of Time & Pokémon Mystery Dungeon: Explorers of Darkness,Dark Crater,InsigTurtle
Pokémon Mystery Dungeon: Explorers of Time & Pokémon Mystery Dungeon: Explorers of Darkness,Don't Ever Forget (Four Hands),Nine Lives
Pokémon Mystery Dungeon: Explorers of Time & Pokémon Mystery Dungeon: Explorers of Darkness,Drenched Bluff (Four Hands),Joel Hands-Otte
Pokémon Mystery Dungeon: Explorers of Time & Pokémon Mystery Dungeon: Explorers of Darkness,Dusk Forest,Joel Hands-Otte
Pokémon Mystery Dungeon: Explorers of Time & Pokémon Mystery Dungeon: Explorers of Darkness,Ending Theme,Bespinben
Pokémon Mystery Dungeon: Explorers of Time & Pokémon Mystery Dungeon: Explorers of Darkness,Epilogue Theme,DuskPiano
Pokémon Mystery Dungeon: Explorers of Time & Pokémon Mystery Dungeon: Explorers of Darkness,Foggy Forest (Two Pianos),Joel Hands-Otte
Pokémon Mystery Dungeon: Explorers of Time & Pokémon Mystery Dungeon: Explorers of Darkness,Goodnight,Bespinben
Animal Crossing,Crazy Redd's Black Market,The Deku Trombonist
Animal Crossing,Go K.K. Rider! (Aircheck),G-Han
Animal Crossing,Halloween,Static
Animal Crossing,K.K. Aria (Aircheck),The Deku Trombonist
Animal Crossing,K.K. Ballad (Aircheck),The Deku Trombonist
Animal Crossing,K.K. Bossa (Aircheck),Thomas Wilson
Animal Crossing,K.K. Etude (Aircheck),Korados
Animal Crossing,K.K. Gumbo,Th3Gavst3r
Animal Crossing,K.K. Jazz (Aircheck),Nintendude73
Animal Crossing,K.K. Love Song,Static
Animal Crossing,K.K. Lullaby (Aircheck),The Deku Trombonist
EarthBound Beginnings,Battle Against a Powerful Foe,Don Valentino
EarthBound Beginnings,Battle With A Flippant Foe,Olimar12345
EarthBound Beginnings,Bein' Friends,Gentlemancreeper
EarthBound Beginnings,Comforting Sleep / Hotel Sleep,Olimar12345
EarthBound Beginnings,Drugstore,Olimar12345
EarthBound Beginnings,Eight Melodies,Olimar12345
EarthBound Beginnings,Factory,Olimar12345
EarthBound Beginnings,Fallin' Love,Gentlemancreeper
EarthBound Beginnings,Hippie Battle,Olimar12345
EarthBound Beginnings,House,Olimar12345
EarthBound Beginnings,Magicant,Gentlemancreeper
EarthBound Beginnings,Mother Earth,Don Valentino
EarthBound Beginnings,Pollyanna (I Believe in You),Olimar12345
EarthBound Beginnings,Poltergeist,Latios212
EarthBound Beginnings,Snowman,Olimar12345
The Legend of Zelda: Ocarina of Time,Spirit Temple,Bloop
The Legend of Zelda: Ocarina of Time,Temple of Time,WiiMan96
The Legend of Zelda: Ocarina of Time,The Great Deku Tree,The Deku Trombonist
The Legend of Zelda: Ocarina of Time,Title Theme,The Deku Trombonist
The Legend of Zelda: Ocarina of Time,Windmill Hut,Sebastian
The Legend of Zelda: Ocarina of Time,Zelda's Theme,Brian Ross
The Legend of Zelda: Ocarina of Time,Zora's Domain,The Deku Trombonist
Yoshi's Story,Baby Bowser's Lullaby,Tobbeh99
Yoshi's Story,Duel with the Boss,Bloop
Yoshi's Story,Ending Story,Latios212
Yoshi's Story,Games of Happiness,Bloop
Yoshi's Story,Hard Times,Bloop
Pokémon Mystery Dungeon: Explorers of Time & Pokémon Mystery Dungeon: Explorers of Darkness,Guildmaster Wigglytuff,Bespinben
Pokémon Mystery Dungeon: Explorers of Time & Pokémon Mystery Dungeon: Explorers of Darkness,Heartwarming,Joel Hands-Otte
Pokémon Mystery Dungeon: Explorers of Time & Pokémon Mystery Dungeon: Explorers of Darkness,Hidden Highland,Joel Hands-Otte
Pokémon Mystery Dungeon: Explorers of Time & Pokémon Mystery Dungeon: Explorers of Darkness,Hidden Land,InsigTurtle
Pokémon Mystery Dungeon: Explorers of Time & Pokémon Mystery Dungeon: Explorers of Darkness,I Don't Want to Say Goodbye,Bespinben
Pokémon Mystery Dungeon: Explorers of Time & Pokémon Mystery Dungeon: Explorers of Darkness,In the Hands of Fate,Bespinben
Pokémon Mystery Dungeon: Explorers of Time & Pokémon Mystery Dungeon: Explorers of Darkness,Lower Brine Cave,InsigTurtle
Pokémon Mystery Dungeon: Explorers of Time & Pokémon Mystery Dungeon: Explorers of Darkness,Mt. Bristle,FiveNineSquared
Pokémon Mystery Dungeon: Explorers of Time & Pokémon Mystery Dungeon: Explorers of Darkness,Oh No!,Joel Hands-Otte
Pokémon Mystery Dungeon: Explorers of Time & Pokémon Mystery Dungeon: Explorers of Darkness,Oh No! (Four Hands),Joel Hands-Otte
Pokémon Mystery Dungeon: Explorers of Time & Pokémon Mystery Dungeon: Explorers of Darkness,On the Beach at Dusk,Bespinben
Pokémon Mystery Dungeon: Explorers of Time & Pokémon Mystery Dungeon: Explorers of Darkness,Palkia's Onslaught,Clanker37
Animal Crossing,K.K. Ragtime,Mr. ML&G
Animal Crossing,K.K. Salsa,Static
Animal Crossing,K.K. Song (Aircheck),The Deku Trombonist
Animal Crossing,K.K. Swing (Aircheck),Olimar12345
Animal Crossing,K.K. Western (Aircheck),The Deku Trombonist
Animal Crossing,Load Game,The Deku Trombonist
Animal Crossing,Lucky K.K. (Aircheck),Static
Animal Crossing,Nook 'n' Go,The Deku Trombonist
Animal Crossing,Nook's Cranny,The Deku Trombonist
Animal Crossing,Nookington's,The Deku Trombonist
Animal Crossing,Nookway,The Deku Trombonist
Animal Crossing,Only Me,The-Real-Link
Animal Crossing,Only Me (Aircheck),octolad
Animal Crossing,Rainy Day,The Deku Trombonist
Animal Crossing,Resetti Themes,Static
EarthBound Beginnings,The End,Olimar12345
EarthBound Beginnings,The Paradise Line,Olimar12345
EarthBound Beginnings,The Tombstone,Olimar12345
EarthBound Beginnings,Twinkle Elementary,Olimar12345
EarthBound Beginnings,Wisdom of the World (Queen Mary's Castle),Olimar12345
EarthBound Beginnings,You Won! / Level Up / Game Over,Olimar12345
EarthBound Beginnings,Youngtown,Olimar12345
EarthBound Beginnings,Yucca Desert,Olimar12345
Final Fantasy,Airship,Thomas Wilson
Final Fantasy,Battle,Yug Guy
Final Fantasy,Chaos Temple,Brassman388
Final Fantasy,Dead Music,FireArrow
Yoshi's Story,Love is in the Air,hamishbrown
Yoshi's Story,On the Beach,Bloop
Yoshi's Story,Page Themes,Bloop
Yoshi's Story,Tall Tower,Bloop
Yoshi's Story,Yoshi's Song,Jegilmer
Yoshi's Story,Yoshi's Story,Latios212
Yoshi's Story,Yoshis in the Wind,hamishbrown
Pokémon Mystery Dungeon: Explorers of Time & Pokémon Mystery Dungeon: Explorers of Darkness,Pelipper's Island,Bubbles
Pokémon Mystery Dungeon: Explorers of Time & Pokémon Mystery Dungeon: Explorers of Darkness,Sealed Ruin Pit,InsigTurtle
Pokémon Mystery Dungeon: Explorers of Time & Pokémon Mystery Dungeon: Explorers of Darkness,Steam Cave,DuskPiano
Pokémon Mystery Dungeon: Explorers of Time & Pokémon Mystery Dungeon: Explorers of Darkness,Temporal Spire,Latios212
Pokémon Mystery Dungeon: Explorers of Time & Pokémon Mystery Dungeon: Explorers of Darkness,Temporal Tower,Bespinben
Pokémon Mystery Dungeon: Explorers of Time & Pokémon Mystery Dungeon: Explorers of Darkness,The Gatekeepers,DuskPiano
Pokémon Mystery Dungeon: Explorers of Time & Pokémon Mystery Dungeon: Explorers of Darkness,Time Gear Remix,DuskPiano
Pokémon Mystery Dungeon: Explorers of Time & Pokémon Mystery Dungeon: Explorers of Darkness,Title Theme (Four Hands),Joel Hands-Otte
Pokémon Mystery Dungeon: Explorers of Time & Pokémon Mystery Dungeon: Explorers of Darkness,Upper Steam Cave (Two Pianos),InsigTurtle
Pokémon Mystery Dungeon: Explorers of Time & Pokémon Mystery Dungeon: Explorers of Darkness,Wigglytuff's Guild,Don Valentino
Pokémon Platinum Version,Battle Castle,Sebastian
Animal Crossing,Save Game,The Deku Trombonist
Animal Crossing,Señor K.K.,Static
Animal Crossing,The K. Funk (Aircheck),The Deku Trombonist
Animal Crossing,Title Screen,The Deku Trombonist
Animal Crossing,Working for Nook,Nintendude73
Donkey Kong Jungle Beat,Battle for Storm Hill,WiiMan96
Doubutsu no Mori e+,Reset Surveillance Center,Static
F-Zero GX,Infinite Blue (Big Blue),Static
F-Zero GX,Planet Colors (Green Plant),Static
F-Zero GX,Shotgun Kiss (Vegas Palace) (Four Hands),Static
Final Fantasy: Crystal Chronicles,Annual Festival,Jimbabwe
Final Fantasy,Flying Fortress,Fantastic Ike
Final Fantasy,Main Theme,Yug Guy
Final Fantasy,Matoya's Cave,Brassman388
Final Fantasy,Menu,Thomas Wilson
Final Fantasy,Ocean Shrine,Brassman388
Final Fantasy,Prelude,Thomas Wilson
Final Fantasy,Ship,Thomas Wilson
Final Fantasy,Shop,ShadowChords
Final Fantasy,Town,Fantastic Ike
Final Fantasy,Victory,Yug Guy
Final Fantasy II,Battle Theme 1,Yug Guy
Final Fantasy II,Battle Theme 2,Yug Guy
Final Fantasy II,Battle Theme 3 (Unused),Yug Guy
Final Fantasy II,Castle Pandemonium,Yug Guy
Final Fantasy II,Chocobo Theme,Th3Gavst3r
Final Fantasy II,Main Theme,Yug Guy
Pokémon Platinum Version,Battle Hall (Two Pianos),Radiak488417
Pokémon Platinum Version,Battle! (Giratina),JDMEK5
Pokémon Platinum Version,Distortion World,InsigTurtle
Pokémon Platinum Version,Looker's Theme,Altissimo
Pokémon Platinum Version,Spin Trade,Sebastian
Pokémon Platinum Version,Villa Music Box: Twinleaf Tune,Latios212
Pokémon Platinum Version,Wi-Fi Plaza: Mini-Games,Sebastian
Pokémon Platinum Version,Wi-Fi Plaza: Parade,Sebastian
Pokémon Ranger,Deep Lyra Forest,Trasdegi
Pokémon Ranger,Dusk Factory,Latios212
Pokémon Ranger,Entei Battle,Oronoco
Pokémon Ranger,Go-Rock Quads Encounter,Trasdegi
Final Fantasy: Crystal Chronicles,Departure,Kim Duy Vo
Final Fantasy: Crystal Chronicles,Goblin's Lair,Kim Duy Vo
Final Fantasy: Crystal Chronicles,Leaving the Body Freely,Kim Duy Vo
Final Fantasy: Crystal Chronicles,Moschet Manor,Jimbabwe
Final Fantasy: Crystal Chronicles,Mount Vellenge,Jimbabwe
Final Fantasy: Crystal Chronicles,Moving Clouds on the River's Surface,Kim Duy Vo
Final Fantasy: Crystal Chronicles,Promised Grace,Jimbabwe
Final Fantasy: Crystal Chronicles,Shella,Jimbabwe
Final Fantasy: Crystal Chronicles,"Today Arrives, Becoming Tommorow",HungryDragon
Final Fantasy: Crystal Chronicles,Twilight in Dreamland,Jimbabwe
Final Fantasy: Crystal Chronicles,Village of Origin,X3rd0ra5
Fire Emblem: Path of Radiance,Beautiful Princess Elincia,Libera
Final Fantasy II,Rebel Army Theme,LeviR.star
Final Fantasy II,Town,Yug Guy
Final Fantasy III,A Dancer's Dance,Thomas Wilson
Final Fantasy III,Ancient's Village,FierceDeity
Final Fantasy III,Battle 1,Yug Guy
Final Fantasy III,Battle 2,Yug Guy
Final Fantasy III,Djinn's Curse,Thomas Wilson
Final Fantasy III,Doga and Unei Theme,Swordomar
Final Fantasy III,Eternal Wind,FierceDeity
Final Fantasy III,Hometown of Ur,FierceDeity
Final Fantasy III,Jinn the Fire,Thomas Wilson
Final Fantasy III,Nept Temple,FierceDeity
Final Fantasy III,The Way to the Top,Fantastic Ike
Final Fantasy III,This is the Last Battle,Yug Guy
Fire Emblem Gaiden,Attack!,Echo
Pokémon Ranger,Krokka Tunnel,Oronoco
Pokémon Ranger,Mission Complete (Bridge),Trasdegi
Pokémon Ranger,Panula Cave,Trasdegi
Pokémon Ranger,Ranger Base,Bespinben
Pokémon Ranger,Ringtown,Trasdegi
Pokémon Ranger,Summerland,FireArrow
Pokémon Ranger,Trouble,Oronoco
Pokémon Ranger,Wintown,Trasdegi
Pokémon Ranger: Guardian Signs,Renbow Island,Trasdegi
Pokémon Ranger: Shadows of Almia,Caves,Trasdegi
Pokémon Ranger: Shadows of Almia,Gems,Th3Gavst3r
Pokémon Ranger: Shadows of Almia,Ranger School (Outside),Don Valentino
Pokémon Ranger: Shadows of Almia,Vien Forest,Oronoco
Fire Emblem: Path of Radiance,Power-Hungry Fool,iDOWN
Fire Emblem: Path of Radiance,To Challenge Ashnard,Maelstrom
Harvest Moon: A Wonderful Life,Breeze,WiiMan96
Harvest Moon: A Wonderful Life,Gustafa's Yurt (Jovial Gustafa),Code_Name_Geek
Harvest Moon: A Wonderful Life,Quiet Winter (Song of Silence),Code_Name_Geek
Kirby Air Ride,Angel Valley,Musical Toxin
Kirby Air Ride,Celestial Valley,Bespinben
Kirby Air Ride,Checker Knights (Two Pianos),Brassman388
Kirby Air Ride,City Trial,Greg
Kirby Air Ride,City Trial (Backside) (Two Pianos),Brassman388
Fire Emblem Gaiden,Celica Map 1,Echo
Fire Emblem Gaiden,Encounter,Echo
Fire Emblem Gaiden,Final Map (Player Phase),Echo
Fire Emblem Gaiden,Separate Ways,Echo
Fire Emblem: Shadow Dragon and the Blade of Light,Battle Map 1: Player Attack,Libera
Fire Emblem: Shadow Dragon and the Blade of Light,Battle Map 2: CP Attack,Maelstrom
Fire Emblem: Shadow Dragon and the Blade of Light,Opening Title ~ Demo,Latios212
Flying Warriors,Peaceful Village,Gabriele Sechi
Flying Warriors,Practice in the Mountain,Jacopo Tore
Gargoyle's Quest II: The Demon Darkness,Assaulted Etruria,Atcero
Gargoyle's Quest II: The Demon Darkness,Breager's Castle,Atcero
Gargoyle's Quest II: The Demon Darkness,Dark Forest of Hidon,Atcero
Gargoyle's Quest II: The Demon Darkness,Gaza Crevasse,Atcero
Gargoyle's Quest II: The Demon Darkness,Ghoul Town,Atcero
Getsu Fuuma Den,3D Maze,Baka94
Animal Crossing: New Horizons,12:00 A.M.,Whoppybones
Pokémon Ranger: Shadows of Almia,Wild Pokémon Battle,Latios212
Professor Layton and the Curious Village,About Town,Bloop
Professor Layton and the Curious Village,Baron Reinhold,Bloop
Professor Layton and the Curious Village,Crumm's Café,Bloop
Professor Layton and the Curious Village,Deserted Amusement Park,Bloop
Professor Layton and the Curious Village,Down the Tubes,Bloop
Professor Layton and the Curious Village,Memories of St. Mystere,Bloop
Professor Layton and the Curious Village,Professor Layton's Theme,Jordan Knapp
Professor Layton and the Curious Village,Pursuit in the Night,Bloop
Professor Layton and the Curious Village,Puzzles,Bloop
Professor Layton and the Curious Village,Setting Out,Jordan Knapp
Professor Layton and the Curious Village,St. Mystere,Bloop
Professor Layton and the Curious Village,The Adventure Begins,Bloop
Professor Layton and the Curious Village,The Great Don Paolo,Bloop
Professor Layton and the Curious Village,The Looming Tower,Bloop
Kirby Air Ride,City Trial Properties Graph,Greg
Kirby Air Ride,Fantasy Meadows,LeviR.star
Kirby Air Ride,Fire,Greg
Kirby Air Ride,Flying Meteor,James Blen
Kirby Air Ride,Frozen Hillside (Two Pianos),Brassman388
Kirby Air Ride,Grass,mastersuperfan
Kirby Air Ride,Legendary Air Ride Machine,JDMEK5
Kirby Air Ride,Light,mastersuperfan
Kirby Air Ride,Magma Flows,The Deku Trombonist
Kirby Air Ride,Magma Flows (Two Pianos),Brassman388
Kirby Air Ride,Nebula Belt (Two Pianos),The Deku Trombonist
Kirby Air Ride,Opening,The Deku Trombonist
Kirby Air Ride,Sky Sands,Latios212
Kirby Air Ride,Station Fire,The Deku Trombonist
Kirby Air Ride,Tac Challenge,Radiak488417
Kirby Air Ride,The Beginner's Room,The Deku Trombonist
Ghosts 'n Goblins,"Graveyard, Forest & Ice Palace",LeviR.star
Godzilla 2: War of the Monsters,Stage Clear,Jacopo Tore
Hana no Star Kaidou,Track 16,Jacopo Tore
Hydlide,Title Screen/Overworld,Jacopo Tore
Ice Climber,Game Start,Yug Guy
Ice Climber,Stage Clear,Yug Guy
Ice Climber,Stage Theme,Yug Guy
Ice Climber,Title Screen / Bonus Stage,Yug Guy
Ice Hockey,Music from Ice Hockey,Nine Lives
Journey to Silius,Stage 1 & 5,Atcero
Kid Dracula,Go! Go! in the Castle,Nine Lives
Kid Icarus,Overworld,WandringMinstrel
Animal Crossing: New Horizons,2:00 A.M.,Whoppybones
Animal Crossing: New Horizons,9:00 P.M.,Sidon327
Animal Crossing: New Horizons,Group Stretching,cacabish
Animal Crossing: New Horizons,K.K. Fugue (Aircheck),Purple1222119
Animal Crossing: New Horizons,Nook's Cranny (Before Closing),Kricketune54
Animal Crossing: New Horizons,Outing (Waiting),Kricketune54
Animal Crossing: New Horizons,Tournament (Joining),Kricketune54
Animal Crossing: New Horizons,Welcome Horizons (Opening Theme),Sidon327
Cadence of Hyrule: Crypt of the NecroDancer Featuring The Legend of Zelda,Zelda's Lullaby (File Select),Zeila
Famicom Detective Club: The Girl Who Stands Behind,Old School Building,Latios212
Famicom Detective Club: The Missing Heir,Memories,Latios212
Professor Layton and the Curious Village,The Plot Thickens,Bloop
Professor Layton and the Curious Village,The Village Awakens,Bloop
Professor Layton and the Diabolical Box,Folsense,Jordan Knapp
Professor Layton and the Diabolical Box,Molentary Express,Bloop
Professor Layton and the Last Specter,A Quiet Moment,Bubbles
Professor Layton and the Last Specter,Misthallery's Many Canals,Jordan Knapp
Professor Layton and the Unwound Future,A Quiet Town,Jordan Knapp
Professor Layton and the Unwound Future,London Streets,PokéMaster
Professor Layton and the Unwound Future,The Professor's Reasonings,PitTan
Professor Layton's London Life,Title,Jordan Knapp
Radiant Historia,An Earnest Desire of Grey,Maelstrom
Radiant Historia,The Garden Where the Celestite Lies,Renaud Bergeron
Radiant Historia,Where the Wind and Feathers Return,spitllama
Rhythm Heaven,Café,Latios212
Rhythm Heaven,Let's Practice!,Gmanhoffman
Kirby Air Ride,Water,JDMEK5
Kirby Air Ride,What's in the Box?,JDMEK5
Luigi's Mansion,Bogmire Battle,Static
Luigi's Mansion,Boss Room After Victory,The Deku Trombonist
Luigi's Mansion,Credits,Nacho2420
Luigi's Mansion,Dancing Shy Guy Ghosts,Dudeman
Luigi's Mansion,Game Boy Horror,Bloop
Luigi's Mansion,Main Theme,Sebastian
Luigi's Mansion,Melody Pianissima Collection,Nine Lives
Luigi's Mansion,Outside,The Deku Trombonist
Luigi's Mansion,Playing Mini-Games With Ghosts,The Deku Trombonist
Luigi's Mansion,Professor E. Gadd's Laboratory,Sebastian
Kid Icarus,Reaper,mastersuperfan
Kid Icarus,Title,Tranzlater
Kid Icarus,Underworld,WandringMinstrel
Kirby's Adventure,Butter Building,Latios212
Kirby's Adventure,Butter Building Map,BlueKirby
Kirby's Adventure,Fountain of Dreams,Sekter77
Kirby's Adventure,Orange Ocean,Static
Kirby's Adventure,Rainbow Resort,Sebastian
Kirby's Adventure,Vegetable Valley (Grassland),FierceDeity
Kirby's Adventure,Yogurt Yard,Static
Kirby's Adventure,Yogurt Yard Map,LeviR.star
Little Nemo: The Dream Master,Dream 1 - Mushroom Forest,Yug Guy
Mach Rider,Main BGM 1,Yug Guy
Famicom Detective Club: The Missing Heir,Memory of the Accident,Latios212
Famicom Detective Club: The Missing Heir,Utsugi Detective Agency,Latios212
Fire Emblem Engage,Silver-White Heart,Libera
Fire Emblem: Three Houses,A Dark Sign,Libera
Fire Emblem: Three Houses,A Funeral of Flowers (Thunder),Zeila
Fire Emblem: Three Houses,A Guide for the Future,Latios212
Fire Emblem: Three Houses,A Lonely Figure,Libera
Fire Emblem: Three Houses,A Place to Rest,Libera
Fire Emblem: Three Houses,As Fierce as Fire,Latios212
Fire Emblem: Three Houses,As Swift as Wind,Maelstrom
Fire Emblem: Three Houses,Fire Emblem: Three Houses Main Theme,Latios212
Fire Emblem: Three Houses,Fódlan Winds (Rain),Libera
Fire Emblem: Three Houses,Funny Footsteps,SlimyWyvern
Fire Emblem: Three Houses,Garreg Mach Cathedral,Nacho2420
Fire Emblem: Three Houses,Guardian of Starlight,Maelstrom
Rhythm Heaven,Munchy Monk,ThatHiddenCharacter
Rhythm Heaven,Munchy Monk 2,Tangy
Rhythm Heaven,Remix 10,mastersuperfan
Rhythm Heaven,Rhythm Rally,Th3Gavst3r
Rhythm Heaven,Thrilling! Is this Love? (Fan Club),Latios212
Super Mario 64 DS,Luigi's Casino,Don Valentino
Super Mario 64 DS,Rec Room,Sebastian
Super Mario 64 DS,Sort or 'Splode,Sebastian
Super Princess Peach,A Glossary of Foes,Don Valentino
Super Princess Peach,Fury Volcano 2,Olimar12345
Super Princess Peach,Gleam Glacier 1,Olimar12345
The Legend of Zelda: Phantom Hourglass,Boss Battle,Joel Hands-Otte
The Legend of Zelda: Phantom Hourglass,Boss Battle (Four Hands),Joel Hands-Otte
Luigi's Mansion,Stage Clear,Nacho2420
Luigi's Mansion,Talking with Ghosts,Sebastian
Luigi's Mansion,Toad's Theme,V.E. Norman
Mario Kart: Double Dash!!,Baby Park,Don Valentino
Mario Kart: Double Dash!!,Chain Chomp,Jegilmer
Mario Kart: Double Dash!!,Circuit,LeviR.star
Mario Kart: Double Dash!!,Countdown to Race Start,Cobraroll
Mario Kart: Double Dash!!,Course Fanfare (Grand Prix),Jegilmer
Mario Kart: Double Dash!!,Dry Dry Desert,Static
Mario Kart: Double Dash!!,Menu,The Deku Trombonist
Mario Kart: Double Dash!!,Mushroom Bridge & Mushroom City,Static
Mario Kart: Double Dash!!,Rainbow Road,Latios212
Magical Tarurūto-kun: Fantastic World!!,Happy Birthday Song,Elene Moledda
Marble Madness,Silly Race,emanresU
Mega Man,All Stages Clear,LeviR.star
Mega Man,Bomb Man Stage,LeviR.star
Mega Man,Boss,LeviR.star
Mega Man,Cut Man Stage,LeviR.star
Mega Man,Dr. Wily Stage 1,LeviR.star
Mega Man,Dr. Wily Stage 2,LeviR.star
Mega Man,Dr. Wily Stage Boss,LeviR.star
Mega Man,Elec Man Stage,Dudeman
Mega Man,Ending,LeviR.star
Mega Man,Fire Man Stage,LeviR.star
Mega Man,Game Over,LeviR.star
Mega Man,Guts Man Stage,LeviR.star
Mega Man,Ice Man Stage,LeviR.star
Fire Emblem: Three Houses,Hungry March,Libera
Fire Emblem: Three Houses,Life at Garreg Mach Monastery,Latios212
Fire Emblem: Three Houses,Recollection and Regret,Libera
Fire Emblem: Three Houses,Respite and Sunlight,Latios212
Fire Emblem: Three Houses,Revenge,Libera
Fire Emblem: Three Houses,Tearing Through Heaven (Rain),Libera
Fire Emblem: Three Houses,Teatime Joy,Latios212
Fire Emblem: Three Houses,The Color of Sunrise,Libera
Fire Emblem: Three Houses,The Crest of Flames,Maelstrom
Fire Emblem: Three Houses,The Dream is Over,Libera
Fire Emblem: Three Houses,The Forgotten,Latios212
Fire Emblem: Three Houses,The Night of the Ball,Nacho2420
Fire Emblem: Three Houses,Wailing,Libera
Hyrule Warriors: Age of Calamity,A Quiet Moment,XiaoMigros
The Legend of Zelda: Phantom Hourglass,Ciela's Parting Words,Rudolf Milter
The Legend of Zelda: Phantom Hourglass,Dungeon,Leftie
The Legend of Zelda: Phantom Hourglass,Fishing,Joel Hands-Otte
The Legend of Zelda: Phantom Hourglass,Fishing (Four Hands),Joel Hands-Otte
The Legend of Zelda: Phantom Hourglass,Inside a Goron's House,Zunawe
The Legend of Zelda: Phantom Hourglass,Inside a House,Zunawe
The Legend of Zelda: Phantom Hourglass,Linebeck's Theme,Olimar12345
The Legend of Zelda: Phantom Hourglass,Mercay Island,Leftie
The Legend of Zelda: Phantom Hourglass,Ocean King's Theme,spitllama
The Legend of Zelda: Phantom Hourglass,Oshus,Zunawe
The Legend of Zelda: Phantom Hourglass,Set Sail for Adventure (Title),Zunawe
The Legend of Zelda: Phantom Hourglass,The Great Sea,Cashwarrior1
The Legend of Zelda: Phantom Hourglass,The Story,Olimar12345
Mario Kart: Double Dash!!,Sherbet Land,The Deku Trombonist
Mario Kart: Double Dash!!,Staff Roll,The Deku Trombonist
Mario Kart: Double Dash!!,Waluigi Stadium & Wario Colosseum,Nine Lives
Mario Party 4,Boo's Haunted Bash,cacabish
Mario Party 4,Fortune's Turn,cacabish
Mario Party 4,The Boo House,cacabish
Mario Party 5,Bustling Noisily,ThatHiddenCharacter
Mario Party 5,Start of the Dream,dahans
Mario Party 6,Faire Square,FireArrow
Mario Party 6,Night Duel,Nine Lives
Mario Party 7,Inferno!,cacabish
Mario Party 7,Pagoda Peak,spitllama
Mario Party 7,"Ready, Set, Fun",ThatHiddenCharacter
Mario Party 7,Sail the Canals,E. Gadd Industries
Mega Man,Stage Clear,LeviR.star
Mega Man,Stage Select,LeviR.star
Mega Man,Stage Start,LeviR.star
Mega Man 2,Air Man,Commander6
Mega Man 2,Boss,LeviR.star
Mega Man 2,Bubble Man Stage,LeviR.star
Mega Man 2,Crash Man,Commander6
Mega Man 2,Dr. Wily Stage 1,Latios212
Mega Man 2,Ending,LeviR.star
Mega Man 2,Flash Man Stage,LeviR.star
Mega Man 2,Heat Man,Commander6
Mega Man 2,Metal Man Stage,LeviR.star
Hyrule Warriors: Age of Calamity,Overlooking Hyrule - After the Calamity (Title Screen),Postoli
Hyrule Warriors: Age of Calamity,Overlooking Hyrule - Prelude to Calamity (Title Screen),Sidon327
Kirby and the Forgotten Land,Abandoned Beach,Static
Kirby and the Forgotten Land,From Those who Departed for Space,XiaoMigros
Kirby and the Forgotten Land,Invasion at the House of Horrors,Rubikium
Kirby Star Allies,Kindness-Steeping Street,Radiak488417
Kirby Star Allies,Puppet Offering,Kricketune54
Kirby Star Allies,Wish-Granting Palace,Zeila
Kirby Star Allies,World of Miracles - Planet Popstar,Kricketune54
Luigi's Mansion 3,B2: Boilerworks,Rubikium
Luigi's Mansion 3,Main Theme,Jordan Knapp
Luigi's Mansion 3,The Great Stage - Track 1,cacabish
The Legend of Zelda: Phantom Hourglass,Uncharted Territory,Leftie
The Legend of Zelda: Spirit Tracks,Aboda Village,Zunawe
The Legend of Zelda: Spirit Tracks,Battle on the Tracks,Joel Hands-Otte
The Legend of Zelda: Spirit Tracks,Before the Final Battle,Cashwarrior1
The Legend of Zelda: Spirit Tracks,Byrne Comes To The Rescue,JDMEK5
The Legend of Zelda: Spirit Tracks,Byrne Comes To The Rescue (Two Pianos),JDMEK5
The Legend of Zelda: Spirit Tracks,Byrne's Death,JDMEK5
The Legend of Zelda: Spirit Tracks,Castle Town (Four Hands),Joel Hands-Otte
The Legend of Zelda: Spirit Tracks,Fight Against Byrne,Joel Hands-Otte
The Legend of Zelda: Spirit Tracks,Fight Against Byrne (Four Hands),Joel Hands-Otte
The Legend of Zelda: Spirit Tracks,Gage's Duet,Dudeman
The Legend of Zelda: Spirit Tracks,In the Fields,Maelstrom
The Legend of Zelda: Spirit Tracks,Inside a Cave,Leftie
The Legend of Zelda: Spirit Tracks,Mini Boss (Dungeon),Joel Hands-Otte
BS Zelda no Densetsu,Overworld,LeviR.star
BS-X: Sore wa Namae o Nusumareta Machi no Monogatari,Downloading Theme 2,LeviR.star
BS-X: Sore wa Namae o Nusumareta Machi no Monogatari,SoundLink Schedule,LeviR.star
Kirby no Omochabako: Hoshi Kuzushi,Title Screen,LeviR.star
Radical Dreamers - Le Trésor Interdit -,The Girl Who Stole the Stars,Latios212
Mario Party 7,Windmillville,JDMEK5
Mario Power Tennis,Mario Classic Court Exhibition,Commander6
Mario Power Tennis,Menu,Sonic130
Metroid Prime,Artifact Acquisition Fanfare,Joel Hands-Otte
Metroid Prime,Chozo Artifact Temple,Brian Ross
Metroid Prime,Crashed Frigate,Thomas Wilson
Metroid Prime,Magmoor Caverns,MetroidHunter26
Metroid Prime,Magmoor Caverns Entrance,Kricketune54
Metroid Prime,Menu,Maelstrom
Metroid Prime,Phendrana Drifts,MetroidHunter26
Metroid Prime,Tallon Overworld 2,Musical Toxin
Metroid Prime,Title Theme,MetroidHunter26
Metroid Prime 2: Echoes,Hydro Dynamo,MetroidHunter26
Mega Man 2,Opening,Zeila
Mega Man 2,Password,LeviR.star
Mega Man 2,Quick Man,Commander6
Mega Man 2,Title,Zeila
Mega Man 2,Wood Man Stage,Static
Mega Man 3,Boss Battle,WaluigiTime64
Mega Man 3,Ending,Dudeman
Mega Man 3,Gemini Man,Commander6
Mega Man 3,Get Weapon,Dart
Mega Man 3,Hard Man,Commander6
Mega Man 3,Magnet Man Stage,peteberman71
Mega Man 3,Needleman,Commander6
Mega Man 3,Password,WaluigiTime64
Mega Man 3,Snake Man Stage,WaluigiTime64
Mega Man 3,Spark Man,Commander6
Metroid Dread,Ferenia,Kricketune54
Monster Hunter Rise,Brave Hunters (Minoto),Th3Gavst3r
Monster Hunter Rise,Kamura's Song of Purification (Hinoa),Th3Gavst3r
Nintendo Switch Sports,Café,XiaoMigros
Octopath Traveler,A Sea Breeze Blows,Latios212
Octopath Traveler,A Settlement in the Red Bluffs,Static
Octopath Traveler,"Alfyn, the Apothecary",Static
Octopath Traveler,Among Stately Peaks,Static
Octopath Traveler,Battle at Journey's End,Static
Octopath Traveler,Battle I,Maelstrom
Octopath Traveler,Battle II,Latios212
The Legend of Zelda: Spirit Tracks,Mini Boss (Dungeon) (Four Hands),Joel Hands-Otte
The Legend of Zelda: Spirit Tracks,Realm Overworld,Olimar12345
The Legend of Zelda: Spirit Tracks,Sacred Duet (Two Pianos),Winter
The Legend of Zelda: Spirit Tracks,Steem's Duet,Saria
The Legend of Zelda: Spirit Tracks,Sword Training,Joel Hands-Otte
The Legend of Zelda: Spirit Tracks,Sword Training (Four Hands),Joel Hands-Otte
The Legend of Zelda: Spirit Tracks,Tears of Light in the Dark Realm,Joel Hands-Otte
The Legend of Zelda: Spirit Tracks,Tears of Light in the Dark Realm (Four Hands),Joel Hands-Otte
The Legend of Zelda: Spirit Tracks,The End of the Chancellor,JDMEK5
The Legend of Zelda: Spirit Tracks,The Final Exam,Zunawe
The Legend of Zelda: Spirit Tracks,The Spirit Flute,Olimar12345
Metroid Prime 2: Echoes,Main Theme,MetroidHunter26
Metroid Prime 2: Echoes,Sanctuary Fortress,Maelstrom
Metroid Prime 2: Echoes,Theme of U-mos,MetroidHunter26
Metroid Prime 2: Echoes,Torvus Bog,Brian Ross
Nintendo GameCube BIOS,Intro,Don Valentino
Paper Mario: The Thousand-Year Door,Battle with Shadow Queen (First Form),Nintendude73
Paper Mario: The Thousand-Year Door,Boggly Woods,Jegilmer
Paper Mario: The Thousand-Year Door,Chapter Ending,Sebastian
Paper Mario: The Thousand-Year Door,Character Abilities,Sebastian
Paper Mario: The Thousand-Year Door,Cooking with Zess T.,Sebastian
Paper Mario: The Thousand-Year Door,Cortez Battle,Jegilmer
Paper Mario: The Thousand-Year Door,Doopliss Battle,Sebastian
Paper Mario: The Thousand-Year Door,Doopliss' Theme,Jegilmer
Mega Man 3,Stage Select Theme,Jacopo Tore
Mega Man 3,Title Screen,Thomas Wilson
Mega Man 3,Top Man Stage,LeviR.star
Mega Man 3,Wily Stages 1,Commander6
Mega Man 3,Wily Stages 2,Commander6
Mega Man 3,Wily Stages 3,Commander6
Mega Man 4,Boss,LeviR.star
Mega Man 4,Bright Man,Commander6
Mega Man 4,Cossack's Citadel 1,Commander6
Mega Man 4,Cossack's Citadel 2,Commander6
Mega Man 4,Dive Man Stage,WaluigiTime64
Mega Man 4,Dr. Wily Stage 1,LeviR.star
Mega Man 4,Drillman,Commander6
Mega Man 4,Dust Man Stage,LeviR.star
Mega Man 4,Pharaoh Man Stage,WaluigiTime64
Octopath Traveler,Battle III,Static
Octopath Traveler,Character Motifs,Latios212
Octopath Traveler,"Clearbrook, by the Pristine Waters",Th3Gavst3r
Octopath Traveler,"Cyrus, the Scholar",Maelstrom
Octopath Traveler,Daughter of the Dark God,Latios212
Octopath Traveler,Determination,Latios212
Octopath Traveler,"Flamesgrace, Guiding Light",Static
Octopath Traveler,"H'aanit, the Hunter",Maelstrom
Octopath Traveler,My Quiet Forest Home,Latios212
Octopath Traveler,"Olberic, the Warrior",Maelstrom
Octopath Traveler,On a Knife's Edge,Latios212
Octopath Traveler,"Ophilia, the Cleric",Maelstrom
The Legend of Zelda: Spirit Tracks,Tower of Spirits Staircase,TwinAdam
The Legend of Zelda: Spirit Tracks,Troubled Realm,NocturneOfShadow
Theresia,Memory's Lies,Olimar12345
Theresia,Opening Song,Olimar12345
Wario: Master of Disguise,Treasure Binder,Darkwario1
Wario: Master of Disguise,VS Head Honcho Carpaccio,Don Valentino
Wario: Master of Disguise,VS Head Honcho Carpaccio (Two Pianos),Don Valentino
WarioWare D.I.Y.,Graphics Editor,Nine Lives
WarioWare: Touched!,Ashley's Song,BrainyLucario
Yoshi Touch & Go,Title Screen,Don Valentino
Yoshi's Island DS,Castle & Fortress,LeviR.star
Paper Mario: The Thousand-Year Door,Fahr Outpost,Static
Paper Mario: The Thousand-Year Door,File Select,PianoMan
Paper Mario: The Thousand-Year Door,Glitz Pit,The Deku Trombonist
Paper Mario: The Thousand-Year Door,Glitzville,Sebastian
Paper Mario: The Thousand-Year Door,Hall of the Thousand-Year Door,Jegilmer
Paper Mario: The Thousand-Year Door,Hooktail Castle,Jegilmer
Paper Mario: The Thousand-Year Door,Level Up!,Bloop
Paper Mario: The Thousand-Year Door,Luigi's Story,Sebastian
Paper Mario: The Thousand-Year Door,Magnus Von Grapple Battle,Sebastian
Paper Mario: The Thousand-Year Door,Mario and Luigi's House,Sebastian
Paper Mario: The Thousand-Year Door,Mini-boss,Sebastian
Paper Mario: The Thousand-Year Door,Miscellaneous Sound Effects and Short Themes,Bloop
Paper Mario: The Thousand-Year Door,Ms. Jolene's Theme,Sebastian
Paper Mario: The Thousand-Year Door,Mysteries of the Pit,Sebastian
Paper Mario: The Thousand-Year Door,Peach Mail,G-Han
Mega Man 4,Skull Man,Commander6
Mega Man 4,Title Screen,LeviR.star
Mega Man 4,Wily's Stages 2,Commander6
Mega Man 5,Charge Man Stage,Dudeman
Mega Man 5,Crystal Man Stage,Dudeman
Mega Man 5,Dr. Wily Stage,LeviR.star
Mega Man 5,Stoneman,Commander6
Mega Man 6,Flameman,Commander6
Mega Man 6,Intro,Dudeman
Mega Man 6,Last Boss,Don Valentino
Mega Man 6,Mr. X Stage,Dudeman
Mega Man 6,Stage Select,LeviR.star
Metal Gear,Jungle Theme,PetrifiedLasagna
Octopath Traveler,"Orewell, Beneath the Crags",Latios212
Octopath Traveler,"Primrose, the Dancer",Maelstrom
Octopath Traveler,Requiem for the Fallen,Latios212
Octopath Traveler,River of Life,Latios212
Octopath Traveler,"Stolen Dreams, Lost Light",Static
Octopath Traveler,The Frostlands,Latios212
Octopath Traveler,The Gate of Finis (Four Hands),Latios212
Octopath Traveler,The Riverlands,Static
Octopath Traveler,"Therion, the Thief",Maelstrom
Octopath Traveler,Town Veiled in White,Static
Octopath Traveler,"Tressa, the Merchant",Latios212
Octopath Traveler,"Victors Hollow, Jewel of the Forest",Latios212
Paper Mario: The Origami King,Autumn Mountain Battle,mastersuperfan
Paper Mario: The Origami King,Disco Devil,ManOfDucks
Yoshi's Island DS,Wildlands,Latios212
Yoshi's Island DS,Yoshi's Island,Latios212
Paper Mario: The Thousand-Year Door,Petal Meadows,Bloop
Paper Mario: The Thousand-Year Door,Petalburg,The Deku Trombonist
Paper Mario: The Thousand-Year Door,Pianta Parlor,Bloop
Paper Mario: The Thousand-Year Door,Poshley Heights,spitllama
Paper Mario: The Thousand-Year Door,Professor Frankly's Theme,Jegilmer
Paper Mario: The Thousand-Year Door,Reunion,Sebastian
Paper Mario: The Thousand-Year Door,Riverside Station,Static
Paper Mario: The Thousand-Year Door,Rogueport,Static
Paper Mario: The Thousand-Year Door,Rogueport Sewers,Bloop
Paper Mario: The Thousand-Year Door,Shadow Siren Scuffle,spitllama
Paper Mario: The Thousand-Year Door,Smorgs Battle,Sebastian
Paper Mario: The Thousand-Year Door,TEC's Waltz,Sebastian
Paper Mario: The Thousand-Year Door,Title Theme,spitllama
Paper Mario: The Thousand-Year Door,Twilight Town,Sebastian
Paper Mario: The Thousand-Year Door,Voyage,Sebastian
Metroid,Brinstar,Brian Auyeung
Metroid,Ending Theme,Olimar12345
Metroid,Escape Theme,MetroidHunter26
Metroid,Game Start,Olimar12345
Metroid,Item Found,Megaman64
Metroid,Kraid's Hideout,G-Han
Metroid,Norfair,Olimar12345
Metroid,Ridley's Hideout,Tranzlater
Metroid,Silence,Olimar12345
Metroid,Title Theme,Olimar12345
Metroid,Tourian,Olimar12345
Metroid,Zebetite,Olimar12345
Mike Tyson's Punch-Out!!,Fight Theme,G-Man
Monster Party,Title Screen,Yug Guy
Niji no Silkroad,Persia,Jacopo Tore
Paper Mario: The Origami King,Exploring Shangri-Spa,Latios212
Paper Mario: The Origami King,Heartbeat Skipper,mastersuperfan
Paper Mario: The Origami King,Musée Champignon,Rubikium
Paper Mario: The Origami King,Olivia's Plea,XiaoMigros
Paper Mario: The Origami King,Red Streamer Battle,Rubikium
Paper Mario: The Origami King,Relaxing Café Theme,Nacho2420
Paper Mario: The Origami King,Shroom City,mastersuperfan
Paper Mario: The Origami King,Snif City Royal Hotel,mastersuperfan
Paper Mario: The Origami King,The Elastic Entertainer,mastersuperfan
Paper Mario: The Origami King,The Shifty Sticker,ManOfDucks
Paper Mario: The Origami King,Tranquil Pipes Teahouse,mastersuperfan
Paper Mario: The Origami King,Vellumental Battle,Greg
Part Time UFO,Treasure Island - Ruins,Maelstrom
Pikmin 4,Title Theme,XiaoMigros
Paper Mario: The Thousand-Year Door,X-Mail,Jegilmer
Paper Mario: The Thousand-Year Door,X-Naut Fortress,Bloop
Pikmin,Ai no Uta,Latios212
Pikmin,Night Comes,The Deku Trombonist
Pikmin,The Forest Navel,Static
Pikmin,The Forest of Hope,Static
Pikmin 2,Jellyfloat Pool,Olimar12345
Pikmin 2,Wistful Wild,The Deku Trombonist
Pokémon Channel,Home,Th3Gavst3r
Pokémon Channel,Poképad (Pause Menu),Korados
Pokémon Channel,Smeargle's Art Study,Don Valentino
Pokémon Colosseum,Agate Village,Kricketune54
Ninja Gaiden,At the End of the Battle,Jacopo Tore
Ninja Gaiden,Mysterious Woman,Jacopo Tore
Ninja Gaiden,The Amazing Ryu (4-2),LeviR.star
Nintendo World Cup,Matches 4-6,FireArrow
Princess Tomato in the Salad Kingdom,Ending / Staff Roll,Jacopo Tore
Princess Tomato in the Salad Kingdom,Password,Lumaga
R.B.I. Baseball,Chance BGM,Jacopo Cat
Rad Racer,Music One,WiiMan96
Shadowgate,Banquet Hall,Atcero
Shadowgate,Battle to the Death,Atcero
Shadowgate,Courtyard,Atcero
Shadowgate,Dragon's Den,Atcero
Shadowgate,Entryway,Atcero
Pokémon Legends: Arceus,Chat with the Professor,Latios212
Pokémon Quest,Going on an Expedition,Joel Hands-Otte
Pokémon Quest,Going on an Expedition (Two Pianos),Joel Hands-Otte
Pokémon Scarlet & Violet,Making a Sandwich,XiaoMigros
Pokémon Sword & Pokémon Shield,Battle! (Calyrex),Kricketune54
Pokémon Sword & Pokémon Shield,Once Upon a Time...,FiveNineSquared
Pokémon Sword & Pokémon Shield,The Isle of Armor,FiveNineSquared
"Pokémon: Let's Go, Pikachu! & Pokémon: Let's Go, Eevee!",Congratulations!,Latios212
"Pokémon: Let's Go, Pikachu! & Pokémon: Let's Go, Eevee!",Cubone's Mother,Latios212
Ring Fit Adventure,Title A,invy
Shin Megami Tensei V,Battle -origin-,Static
Pokémon Colosseum,Cipher Admin Battle,Kricketune54
Pokémon Colosseum,Cipher Peon Battle,Kricketune54
Pokémon Colosseum,Cipher Syndicate,Pianist Da Sootopolis
Pokémon Colosseum,Colosseum Battle Round Intros,Kricketune54
Pokémon Colosseum,Colosseum Round 3 Battle,Kricketune54
Pokémon Colosseum,Es Cade Theme,Kricketune54
Pokémon Colosseum,Friendly Battle,Kricketune54
Pokémon Colosseum,Main Menu,Kricketune54
Pokémon Colosseum,Miror B.'s Retro Groove,Kricketune54
Pokémon Colosseum,Mt. Battle,Don Valentino
Pokémon Colosseum,Mt. Battle Rest Room,Kricketune54
Pokémon Colosseum,Nascour's Theme,Kricketune54
Pokémon Colosseum,Normal Battle,Kricketune54
Pokémon Colosseum,Outskirt Stand,Bubbles
Shadowgate,Game Over,Atcero
Shadowgate,Hall of Mirrors,Atcero
Shadowgate,Subterranean Cavern,Atcero
Shadowgate,Title Screen,Atcero
Shadowgate,Twilight,Atcero
Shin Onigashima,Eighth Chapter: Giant Dragon,WandringMinstrel
Shin Onigashima,Ending,WandringMinstrel
Shin Onigashima,Fifth Chapter: Castle Ruins,WandringMinstrel
Shin Onigashima,Fifth Chapter: Gate Watcher Oni,WandringMinstrel
Shin Onigashima,First Chapter: At Home,WandringMinstrel
Shin Onigashima,First Chapter: Road Through the Mountains,WandringMinstrel
Shin Onigashima,Fourth Chapter: Lake,WandringMinstrel
Shin Onigashima,Fourth Chapter: Lord Hinoe,WandringMinstrel
Splatoon 2,Now or Never!,Tangy
Story of Seasons: Friends of Mineral Town,Autumn (Alternate),Code_Name_Geek
Super Mario 3D World + Bowser's Fury,Crisp Climb Castle,ManOfDucks
Super Mario Maker 2,Castle (Super Mario World) (Night),Th3Gavst3r
Super Mario Maker 2,Desert (Super Mario World),Apind
Super Mario Odyssey,Bonneton (Four Hands),amc
Super Mario Odyssey,Climactic Duel!,mastersuperfan
Super Mario Odyssey,Forgotten Isle,Sebastian
Super Mario Odyssey,Honeylune Ridge,Rubikium
Super Mario Odyssey,New Donk City,Latios212
Super Mario Odyssey,Peronza Plaza,Latios212
Super Mario Odyssey,Poolside Rest,XiaoMigros
Pokémon Colosseum,Pyrite Building,Pianist Da Sootopolis
Pokémon Colosseum,Pyrite Town,Latios212
Pokémon Colosseum,Relic Forest,Kricketune54
Pokémon Colosseum,Relic Forest in Danger,Bubbles
Pokémon Colosseum,The Under,Kricketune54
Pokémon Colosseum,Title Screen,Kricketune54
Pokémon Colosseum,World Map,Kricketune54
Pokémon XD: Gale of Darkness,Cipher Admin Theme,Kricketune54
Pokémon XD: Gale of Darkness,Citadark Isle,Kricketune54
Pokémon XD: Gale of Darkness,Jovi is Sad,Kricketune54
Pokémon XD: Gale of Darkness,S.S. Libra,Kricketune54
Pokémon XD: Gale of Darkness,The Hexagon Brothers,Kricketune54
Resident Evil 4,Save Theme,Static
Star Fox Adventures,Cloudrunner Fortress,The Deku Trombonist
Shin Onigashima,Fourth Chapter: Neighboring Village,WandringMinstrel
Shin Onigashima,Ninth Chapter: Final Scene,WandringMinstrel
Shin Onigashima,Second Chapter: At Home,WandringMinstrel
Shin Onigashima,Second Chapter: At Home (Night),WandringMinstrel
Shin Onigashima,Second Chapter: Story of the Dragon,WandringMinstrel
Shin Onigashima,Seventh Chapter: Cave,WandringMinstrel
Shin Onigashima,Seventh Chapter: Ohana,WandringMinstrel
Shin Onigashima,Seventh Chapter: Shinohara,WandringMinstrel
Shin Onigashima,Sixth Chapter: Forest,WandringMinstrel
Shin Onigashima,Sixth Chapter: Forest of Opportunity,WandringMinstrel
Shin Onigashima,Sixth Chapter: Sparrow's House,WandringMinstrel
Shin Onigashima,Staff Roll,WandringMinstrel
Shin Onigashima,Third Chapter: Inside the Fortress,WandringMinstrel
Super Mario Odyssey,Shiveria: Town,Sebastian
Super Mario Odyssey,Tostarena Ruins,Static
Super Smash Bros. Ultimate,Classic Mode: Defeat,Th3Gavst3r
Super Smash Bros. Ultimate,Final Destination,FiveNineSquared
Super Smash Bros. Ultimate,Gang-Plank Galleon,Yug Guy
Super Smash Bros. Ultimate,Main Theme Piano Solo,Latios212
Super Smash Bros. Ultimate,MEGALOVANIA,mastersuperfan
Super Smash Bros. Ultimate,Spectate,FiveNineSquared
Super Smash Bros. Ultimate,Stormy Saxophone 2 - KOF '96,Static
Super Smash Bros. Ultimate,The Light Realm: Prologue,FiveNineSquared
The Legend of Zelda: Tears of the Kingdom,Epilogue,XiaoMigros
The Legend of Zelda: Tears of the Kingdom,Main Theme,XiaoMigros
Star Fox Adventures,Snowhorn Ride,The Deku Trombonist
Star Fox Adventures,Thorntail Hollow,Jimbabwe
Star Fox Adventures,Thorntail Hollow (Night),Nintendude73
Star Fox Assault,Boss: Andrew Oikonny (Four Hands),amc
Star Fox Assault,Corneria (Two Pianos),Brassman388
Star Fox Assault,Fichina (Four Hands),Brassman388
Star Fox Assault,Hostilities Revisited (Sargasso Space Zone),Kricketune54
Star Fox Assault,Main Theme,MetroidHunter26
Star Fox Assault,Meteo (Four Hands),Brassman388
Star Fox Assault,Space Battleground,DS
Star Fox Assault,Star Wolf (Two Pianos),amc
Super Mario Sunshine,Bianco Hills,Bloop
Super Mario Sunshine,Boss Battle,V.E. Norman
Super Mario Sunshine,Deep Sea of Mare,Nacho2420
Super Mario Sunshine,Delfino Airstrip,E. Gadd Industries
Shin Onigashima,Third Chapter: Morning,WandringMinstrel
Shin Onigashima,Third Chapter: Oni Fortress,WandringMinstrel
Shin Onigashima,Title BGM,WandringMinstrel
Shingen the Ruler,Credits,Filippo Ritzu
Silkworm,Ending,Jacopo Tore
Solstice,Title Theme,Cashwarrior1
Spelunker,Ghost Approaching,LeviR.star
StarTropics,Dungeon,stellarlights24
StarTropics,Inside the Spaceship,Atcero
StarTropics,Overworld,WiiMan96
Super Mario Bros.,1-UP,The Deku Trombonist
Super Mario Bros.,Castle Theme,Latios212
Super Mario Bros.,Coin,Zeta
ActRaiser,Birth of the People,LeviR.star
Xenoblade Chronicles 2,Desolation,Mingmingasaur
Xenoblade Chronicles 2,Friendship,Latios212
Xenoblade Chronicles 2,Garfont Mercenaries,Libera
Xenoblade Chronicles 2,Land of Morytha,Libera
Xenoblade Chronicles 2,Loneliness,Libera
Xenoblade Chronicles 2,Orbital Ring,Libera
Xenoblade Chronicles 2,Our Eternal Land,Libera
Xenoblade Chronicles 2,Sea of Clouds,JZ
Xenoblade Chronicles 2,Spirit Crucible Elpys,Maelstrom
Xenoblade Chronicles 2,The Tomorrow With You,JZ
Xenoblade Chronicles 2,Tiger! Tiger!,Latios212
Xenoblade Chronicles 2,Where We Used to Be,eashwar
Xenoblade Chronicles 2: Torna ~ The Golden Country,"Auresco, Royal Capital/Night",Latios212
Super Mario Sunshine,Delfino Plaza,TheMarioPianist
Super Mario Sunshine,Delfino Police,BonusPwnage
Super Mario Sunshine,Event & Goal,E. Gadd Industries
Super Mario Sunshine,F.L.U.D.D.,WiiMan96
Super Mario Sunshine,Gelato Beach,E. Gadd Industries
Super Mario Sunshine,Pinna Park,Mitch Norris
Super Mario Sunshine,Ricco Harbor,E. Gadd Industries
Super Mario Sunshine,Sand Bird,Musical Toxin
Super Mario Sunshine,Secret Course,E. Gadd Industries
Super Mario Sunshine,Sludge Plant Battle,Musical Toxin
Super Mario Sunshine,The Manta Storm,E. Gadd Industries
Super Monkey Ball,Sand Stage Theme (Desert),Static
Super Monkey Ball,Storm Stage Theme,Static
Super Mario Bros.,Course Clear,The Deku Trombonist
Super Mario Bros.,Ending,The Deku Trombonist
Super Mario Bros.,Game Over,The Deku Trombonist
Super Mario Bros.,Ground Theme,Static
Super Mario Bros.,Hurry Up!,Sebastian
Super Mario Bros.,Invincible,The Deku Trombonist
Super Mario Bros.,Lost a Life,The Deku Trombonist
Super Mario Bros.,Underground Theme,The Deku Trombonist
Super Mario Bros.,Underwater Theme,The Deku Trombonist
Super Mario Bros.,World Clear,The Deku Trombonist
Super Mario Bros. 2,Battle with Wart,The Deku Trombonist
Super Mario Bros. 2,Boss,The Deku Trombonist
Super Mario Bros. 2,Ending,The Deku Trombonist
ActRaiser,Fillmore (Act-1),Atcero
Bubsy in Claws Encounters of the Furred Kind,Fair is Foul,Yug Guy
Chrono Trigger,A Prayer to the Road that Leads,G-Han
Chrono Trigger,A Shot of Crisis,G-Han
Chrono Trigger,At the Bottom of Night,Sam Waetford
Chrono Trigger,Battle 1,G-Han
Chrono Trigger,Battle 2,Static
Chrono Trigger,Battle with Magus,FierceDeity
Chrono Trigger,Black Omen,Static
Xenoblade Chronicles 2: Torna ~ The Golden Country,The Beginning of Our Memory,Latios212
Xenoblade Chronicles 3,Nia - Toward the Heavens,Latios212
Xenoblade Chronicles 3,Off-Seer,XiaoMigros
Xenoblade Chronicles: Definitive Edition,Beyond the Sky (Acoustic Arrangement),JZ
Yoshi's Crafted World,Main Theme,FiveNineSquared
Yoshi's Crafted World,Nighttime Crafts,cacabish
Super Monkey Ball 2,Bubbly Washing Machine Theme (World 7),Static
Super Smash Bros. Melee,All-Star Rest Area,Bespinben
Super Smash Bros. Melee,Big Blue,Zeila
Super Smash Bros. Melee,Brinstar,Zeila
Super Smash Bros. Melee,Brinstar (Four Hands),The Deku Trombonist
Super Smash Bros. Melee,Capt. Falcon's Victory,Zeila
Super Smash Bros. Melee,Corneria,Bespinben
Super Smash Bros. Melee,DK's Victory,Zeila
Super Smash Bros. Melee,Dr. Mario,Zeila
Super Mario Bros. 2,Fanfares,Olimar12345
Super Mario Bros. 2,Ground Theme,The Deku Trombonist
Super Mario Bros. 2,Player Select,Olimar12345
Super Mario Bros. 2,Title Theme,Olimar12345
Super Mario Bros. 2,Underground Theme,The Deku Trombonist
Super Mario Bros. 3,Airship Theme,Bespinben
Super Mario Bros. 3,Athletic Theme,Bespinben
Super Mario Bros. 3,Boss Battle,The Deku Trombonist
Super Mario Bros. 3,Bowser Battle,The Deku Trombonist
Chrono Trigger,Boss Battle 2,Maelstrom
Chrono Trigger,Brink of Time,Sam Waetford
Chrono Trigger,Chrono Trigger,Maelstrom
Chrono Trigger,Corridors of Time,Static
Chrono Trigger,Courage and Pride,Static
Chrono Trigger,Epilogue - To Good Friends,Sam Waetford
Chrono Trigger,Fanfare 1 (Lucca's Theme),G-Han
Chrono Trigger,Far Off Promise,FierceDeity
Chrono Trigger,First Festival of the Stars,Sam Waetford
Chrono Trigger,Frog's Theme,Maelstrom
Chrono Trigger,Gato's Song,Static
Chrono Trigger,Kingdom Trial,Sam Waetford
Chrono Trigger,Lab 16's Ruins,G-Han
Chrono Trigger,Lavos' Theme,Maelstrom
Super Smash Bros. Melee,Final Destination,Bespinben
Super Smash Bros. Melee,Final Destination (Four Hands),The Deku Trombonist
Super Smash Bros. Melee,Fire Emblem,Zeila
Super Smash Bros. Melee,Fire Emblem Team Victory,Hoji
Super Smash Bros. Melee,Flat Zone,Zeila
Super Smash Bros. Melee,Fountain of Dreams,Zeila
Super Smash Bros. Melee,Fox's Victory,"Fabian ""JFK"" Kuhnlein"
Super Smash Bros. Melee,Hammer,WaluigiTime64
Super Smash Bros. Melee,Ice Climbers' Victory,Yug Guy
Super Smash Bros. Melee,Icicle Mountain,Zeila
Super Mario Bros. 3,Coin Heaven,The Deku Trombonist
Super Mario Bros. 3,Ending,The Deku Trombonist
Super Mario Bros. 3,Fortress Theme,Latios212
Super Mario Bros. 3,Ground Theme,The Deku Trombonist
Super Mario Bros. 3,Hammer Bros.,The Deku Trombonist
Super Mario Bros. 3,Miscellaneous Short Themes,LeviR.star
Super Mario Bros. 3,Music Box,Latios212
Super Mario Bros. 3,Toad House,The Deku Trombonist
Super Mario Bros. 3,Underground Theme,Latios212
Super Mario Bros. 3,Underwater Theme,The Deku Trombonist
Super Mario Bros. 3,World 1 (Grass Land),Latios212
Chrono Trigger,Manoria Cathedral,G-Han
Chrono Trigger,Memories of Green,Sam Waetford
Chrono Trigger,Morning Sunlight,G-Han
Chrono Trigger,Peaceful Days,Sam Waetford
Chrono Trigger,Presentiment,G-Han
Chrono Trigger,Remains of the Factory,Static
Chrono Trigger,Robo Gang Johnny,Static
Chrono Trigger,Robo's Theme,G-Han
Chrono Trigger,Silent Light,Adrian Currier
Chrono Trigger,Singing Mountain,G-Han
Chrono Trigger,The Day the World Revived,Static
Chrono Trigger,Tyran Castle,Static
Super Smash Bros. Melee,Kirby's Victory,Hoji
Super Smash Bros. Melee,Mario's Victory,Hoji
Super Smash Bros. Melee,Menu 1,Bespinben
Super Smash Bros. Melee,Mother,Latios212
Super Smash Bros. Melee,Mr. Game & Watch's Victory,Zeila
Super Smash Bros. Melee,Ness's Victory,Hoji
Super Smash Bros. Melee,Opening,Bespinben
Super Smash Bros. Melee,Pokémon Victory,Hoji
Super Smash Bros. Melee,Samus's Victory,Zeila
Super Smash Bros. Melee,Targets!,Th3Gavst3r
Super Smash Bros. Melee,Temple,Bespinben
Super Smash Bros. Melee,Tournament 1,Th3Gavst3r
Super Mario Bros. 3,World 2 (Desert Land),The Deku Trombonist
Super Mario Bros. 3,World 3 (Water Land),The Deku Trombonist
Super Mario Bros. 3,World 4 (Giant Land),The Deku Trombonist
Super Mario Bros. 3,World 5 (Sky Land),The Deku Trombonist
Super Mario Bros. 3,World 6 (Ice Land),Olimar12345
Super Mario Bros. 3,World 7 (Pipe Land),The Deku Trombonist
Super Mario Bros. 3,World 8 (Dark Land),The Deku Trombonist
Super Mario Bros.: The Lost Levels,Ending,Latios212
Super Pitfall,Balloon,Olimar12345
Super Pitfall,Dark World,Th3Gavst3r
Super Pitfall,Ending,Th3Gavst3r
Super Pitfall,Game Over,Olimar12345
Chrono Trigger,Wind Scene,G-Han
Chrono Trigger,Zeal Palace,Static
Contra III: The Alien Wars,It's Time for Revenge,Static
Demon's Crest,Dance of the Snowy Barrens,Atcero
Demon's Crest,Palace of Decadence,Atcero
Donkey Kong Country,Aquatic Ambience,The Deku Trombonist
Donkey Kong Country,Bonus Game Victory / Boss Defeated Jingle,Yug Guy
Donkey Kong Country,Bonus Room Blitz,Yug Guy
Donkey Kong Country,Cranky's Theme,Latios212
Donkey Kong Country,DK Island Swing,Maelstrom
Donkey Kong Country,Fear Factory,The Deku Trombonist
Donkey Kong Country,Forest Frenzy,Sekter77
Donkey Kong Country,Funky's Fugue,Yug Guy
Super Smash Bros. Melee,Yoshi's Island,Th3Gavst3r
Super Smash Bros. Melee,Yoshi's Victory,The Deku Trombonist
Super Smash Bros. Melee,Zelda Team Victory,Zeila
Tales of Symphonia,A Wood Carving Star,Riulyn
Tales of Symphonia,Far From Our World,HungryDragon
Tales of Symphonia,Fatalize,G-Han
Tales of Symphonia,Fighting of the Spirit,Sipan1234
Tales of Symphonia,Final Destination,Eclipse
Tales of Symphonia,Full Force,Zeila
Tales of Symphonia,Hidden Sorrow,Sipan1234
Tales of Symphonia,House of Salvation,Sipan1234
Super Pitfall,Main Theme,Olimar12345
Super Pitfall,Reprise,Olimar12345
Sweet Home,Basement Theme,Rwars
Sweet Home,Battle Theme,Rwars
Sweet Home,Cave Theme,Rwars
Sweet Home,Dire Situation,Rwars
Sweet Home,East Garden,Rwars
Sweet Home,Ending Theme,Rwars
Sweet Home,Final Battle,Rwars
Sweet Home,Fresco Theme,Rwars
Sweet Home,Ichirou's Demise,Rwars
Sweet Home,Lobby Theme,Rwars
Sweet Home,Mamiya & Ichirou's Theme,Rwars
Sweet Home,Mamiya's Room,Rwars
Donkey Kong Country,Gang-Plank Galleon,Yug Guy
Donkey Kong Country,Map,The Deku Trombonist
Donkey Kong Country,The Credits Concerto,The Deku Trombonist
Donkey Kong Country,Treetop Rock,Nine Lives
Donkey Kong Country 2: Diddy's Kong Quest,Bayou Boogie,Sebastian
Donkey Kong Country 2: Diddy's Kong Quest,Bonus Medley,Nine Lives
Donkey Kong Country 2: Diddy's Kong Quest,Boss Bossanova,JDMEK5
Donkey Kong Country 2: Diddy's Kong Quest,Crocodile Cacophony,Don Valentino
Donkey Kong Country 2: Diddy's Kong Quest,Flight of the Zinger,Nine Lives
Donkey Kong Country 2: Diddy's Kong Quest,Forest Interlude,Brassman388
Donkey Kong Country 2: Diddy's Kong Quest,Hot-Head Bop,Yug Guy
Donkey Kong Country 2: Diddy's Kong Quest,In a Snow-Bound Land,Yug Guy
Donkey Kong Country 2: Diddy's Kong Quest,Island Map,The Deku Trombonist
Donkey Kong Country 2: Diddy's Kong Quest,Jib Jig,Sebastian
Tales of Symphonia,Keen-Edged Blade,Sipan1234
Tales of Symphonia,Kratos,Riulyn
Tales of Symphonia,Last Battle (Will),Commander6
Tales of Symphonia,Lloyd,Zeila
Tales of Symphonia,On the Hill This Night,Sipan1234
Tales of Symphonia,Presea's Theme,Latios212
Tales of Symphonia,Shining Dew,Sipan1234
Tales of Symphonia,Sylvarant,G-Han
Tales of Symphonia,The End of a Thought,Sipan1234
The Legend of Zelda: Four Swords Adventures,Dampe's Cabin,The Deku Trombonist
The Legend of Zelda: Four Swords Adventures,Frozen Hyrule,LeviR.star
Sweet Home,West Island,Rwars
Taboo: The Sixth Sense,The Magician,Jacopo Tore
Target: Renegade,Levels 1-3: Parking Garage,Joeberryosponge
Teenage Mutant Ninja Turtles III: The Manhattan Project,Scene 1 - The Beach,Jean Of mArc
Tenchi wo Kurau II: Shokatsu Koumei Den,Forest,FireArrow
Tetris,High Score,Jacopo Tore
Tetris: The Soviet Mind Game,Troïka,YouAreNotATadpole
The 3-D Battles of WorldRunner,Stage Theme,Jacopo Tore
The Adventures of Lolo,Theme,kotorfanboy
The Flintstones: The Rescue of Dino & Hoppy,Title Theme & Ending,Th3Gavst3r
The Legend of Zelda,Death Mountain,The Deku Trombonist
Donkey Kong Country 2: Diddy's Kong Quest,K. Rool Returns,Dimentio
Donkey Kong Country 2: Diddy's Kong Quest,Klomp's Romp,Sebastian
Donkey Kong Country 2: Diddy's Kong Quest,Krook's March,Brassman388
Donkey Kong Country 2: Diddy's Kong Quest,Krook's March (Four Hands),Brassman388
Donkey Kong Country 2: Diddy's Kong Quest,Mining Melancholy,Yug Guy
Donkey Kong Country 2: Diddy's Kong Quest,Rambi Rumble,G-Han
Donkey Kong Country 2: Diddy's Kong Quest,School House Harmony,Sekter77
Donkey Kong Country 2: Diddy's Kong Quest,Snakey Chantey,Nine Lives
Donkey Kong Country 2: Diddy's Kong Quest,Stickerbush Symphony,Brassman388
Donkey Kong Country 3: Dixie Kong's Double Trouble!,Brothers Bear,Nine Lives
Donkey Kong Country 3: Dixie Kong's Double Trouble!,Rockface Rumble,Nine Lives
Donkey Kong Country 3: Dixie Kong's Double Trouble!,Treetop Tumble,Nine Lives
Dragon Quest V: Hand of the Heavenly Bride,The Almighty Boss Devil Is Challenged (Two Pianos),Brassman388
Dragon Quest VI: Realms of Revelation,Dungeon Theme,Joshua VanCleave
Drakkhen,Air Area (Day),The Deku Trombonist
The Legend of Zelda: Four Swords Adventures,Hyrule Fields,Cashwarrior1
The Legend of Zelda: Four Swords Adventures,Lake Hylia,The Deku Trombonist
The Legend of Zelda: Four Swords Adventures,Light Overworld,Whoppybones
The Legend of Zelda: Four Swords Adventures,Main Theme,Lkjhgfdsa_77
The Legend of Zelda: Four Swords Adventures,Realm of the Heavens,Maelstrom
The Legend of Zelda: Four Swords Adventures,The Terrace of the Two People,Don Valentino
The Legend of Zelda: The Wind Waker,Aryll's Theme,The Deku Trombonist
Galactic Pinball,Samus Minigame,Thomas Wilson
Mario's Tennis,Doubles Game 1,Olimar12345
The Legend of Zelda,Dungeon,G-Han
The Legend of Zelda,Ending,G-Han
The Legend of Zelda,Flute,The Deku Trombonist
The Legend of Zelda,Game Over,The Deku Trombonist
The Legend of Zelda,Ganon Appears and is Defeated,Seeker
The Legend of Zelda,Get Treasure Fanfare,Seeker
The Legend of Zelda,Get Triforce Fanfare,The Deku Trombonist
The Legend of Zelda,Overworld,JDMEK5
The Legend of Zelda,Title,The Deku Trombonist
The Legend of Zelda,Uncover Secret,The Deku Trombonist
The Legend of Zelda,Zelda is Rescued Fanfare,The Deku Trombonist
The Mysterious Murasame Castle,Game Start / Castle Town,WandringMinstrel
Drakkhen,Air Area (Night),The Deku Trombonist
Drakkhen,ANAK,The Deku Trombonist
Drakkhen,Earth Area (Day),The Deku Trombonist
Drakkhen,Earth Area (Night),The Deku Trombonist
Drakkhen,Fire Area (Day),The Deku Trombonist
Drakkhen,Fire Area (Night),The Deku Trombonist
Drakkhen,Fire Area (Tent Master),The Deku Trombonist
Drakkhen,Game Over,The Deku Trombonist
Drakkhen,Kemco Jingle,The Deku Trombonist
Drakkhen,Water Area (Day),The Deku Trombonist
Drakkhen,Water Area (Night),The Deku Trombonist
E.V.O.: Search for Eden,Ending Theme,kevronicoal
E.V.O.: Search for Eden,Title Theme,Sam Waetford
EarthBound,A Flash of Memory,FierceDeity
The Legend of Zelda: The Wind Waker,Ballad of Gales,Olimar12345
The Legend of Zelda: The Wind Waker,Beedle's Shop Ship,TheZeldaPianist275
The Legend of Zelda: The Wind Waker,Command Melody (Baton),Olimar12345
The Legend of Zelda: The Wind Waker,Departure,Onionleaf
The Legend of Zelda: The Wind Waker,Dragon Roost Island,Zunawe
The Legend of Zelda: The Wind Waker,Earth God's Lyric,Olimar12345
The Legend of Zelda: The Wind Waker,Encounter with Tetra,Olimar12345
The Legend of Zelda: The Wind Waker,Ending,Sebastian
The Legend of Zelda: The Wind Waker,Epilogue,Sebastian
The Legend of Zelda: The Wind Waker,Fairy Spring,Rusty Justice
The Legend of Zelda: The Wind Waker,Farewell Hyrule King,mastersuperfan
The Legend of Zelda: The Wind Waker,Fencing Instruction,Sebastian
The Legend of Zelda: The Wind Waker,Forbidden Woods,Sebastian
The Legend of Zelda: The Wind Waker,Forsaken Fortress,Sebastian
The Legend of Zelda: The Wind Waker,Forsaken Fortress Invasion 1,Sebastian
The Mysterious Murasame Castle,Inside the Castle,WandringMinstrel
The Mysterious Murasame Castle,Murasame Castle,WandringMinstrel
Wario's Woods,Story Mode - Birdo,The Deku Trombonist
Wario's Woods,Title Theme,The Deku Trombonist
Wizardry II: The Knight of Diamonds,Boltac's Trading Post,Jacopo Tore
Wizardry III: Legacy of Llylgamyn,Gilgamesh's Tavern,Gabriele Sechi
Wrecking Crew,Power-Up,WandringMinstrel
Wrecking Crew,Stage Theme,WandringMinstrel
Yume Kōjō: Doki Doki Panic,Title Theme,LeviR.star
Zelda II: The Adventure of Link,Battle,PianoMasta7
Zelda II: The Adventure of Link,Credits,The Deku Trombonist
Zelda II: The Adventure of Link,Guardian,FierceDeity
Zelda II: The Adventure of Link,House,Jimbabwe
Zelda II: The Adventure of Link,Overworld,The Deku Trombonist
EarthBound,Apple Kid's Theme,Yug Guy
EarthBound,Battle Against a Machine,Static
EarthBound,Battle Against a Weak Opponent,Static
EarthBound,Battle Against an Unsettling Opponent,Yug Guy
EarthBound,Because I Love You,Latios212
EarthBound,Bed and Breakfast,AcceptedSugar
EarthBound,Boy Meets Girl (Twoson),Yug Guy
EarthBound,Buy Somethin' Will Ya!,Yug Guy
EarthBound,Dead-End Chaos Theater,Don Valentino
EarthBound,Eight Melodies,Maelstrom
EarthBound,Enjoy Your Stay,Don Valentino
EarthBound,Franky,FierceDeity
EarthBound,Get on the Bus,Yug Guy
The Legend of Zelda: The Wind Waker,Game Demo,JDMEK5
The Legend of Zelda: The Wind Waker,Game Over,Static
The Legend of Zelda: The Wind Waker,Ganon's Castle,Olimar12345
The Legend of Zelda: The Wind Waker,Ganondorf Battle,Maelstrom
The Legend of Zelda: The Wind Waker,Get Master Sword,Onionleaf
The Legend of Zelda: The Wind Waker,Get Orb,Sebastian
The Legend of Zelda: The Wind Waker,Gohdan,FireArrow
The Legend of Zelda: The Wind Waker,Grandma,Latios212
The Legend of Zelda: The Wind Waker,Grandpa's House,Latios212
The Legend of Zelda: The Wind Waker,Hero of the Wind,Sebastian
The Legend of Zelda: The Wind Waker,Hyrule Castle,Sebastian
The Legend of Zelda: The Wind Waker,Imprisonment,Sebastian
The Legend of Zelda: The Wind Waker,Inside a House,Sebastian
The Legend of Zelda: The Wind Waker,Inside the Pirate Ship,Static
Zelda II: The Adventure of Link,Palace,The Deku Trombonist
Zelda II: The Adventure of Link,The Great Palace,FierceDeity
Zelda II: The Adventure of Link,The Last Guardian,FierceDeity
Zelda II: The Adventure of Link,Title Theme,E. Gadd Industries
Zelda II: The Adventure of Link,Town,Brassman388
Zelda II: The Adventure of Link,Zelda's Awakening,E. Gadd Industries
Zombie Hunter,BGM 1,Jacopo Cat
EarthBound,"Good Friends, Bad Friends",Yug Guy
EarthBound,Hi Hi Hi (Saturn Valley),Maelstrom
EarthBound,Home Sweet Home,Yug Guy
EarthBound,Ness' Bike,Olimar12345
EarthBound,Paula's Theme,Yug Guy
EarthBound,Pokey Means Business!,Commander6
EarthBound,Sanctuary Guardian,Yug Guy
EarthBound,Smiles and Tears,Ben Dauvin
EarthBound,Snowman,Commander6
EarthBound,"Summers, Eternal Tourist Trap",Yug Guy
EarthBound,Sunrise & Onett,Sebastian
EarthBound,Super Dry Dance,FierceDeity
EarthBound,The Metropolis of Fourside,Yug Guy
EarthBound,"Your Name, Please",Yug Guy
F-Zero,Big Blue,Th3Gavst3r
The Legend of Zelda: The Wind Waker,Jalhalla,Bloop
The Legend of Zelda: The Wind Waker,Makar's Awakening,Olimar12345
The Legend of Zelda: The Wind Waker,Medli's Awakening,Olimar12345
The Legend of Zelda: The Wind Waker,Menu Select,Sebastian
The Legend of Zelda: The Wind Waker,Mini-Boss,Lkjhgfdsa_77
The Legend of Zelda: The Wind Waker,Molgera,Maelstrom
The Legend of Zelda: The Wind Waker,Outset Island,Latios212
The Legend of Zelda: The Wind Waker,Outset Island (Two Pianos),The Deku Trombonist
The Legend of Zelda: The Wind Waker,Phantom Ganon,spitllama
The Legend of Zelda: The Wind Waker,Pirates,Olimar12345
The Legend of Zelda: The Wind Waker,Princess Zelda's Theme,Rusty Justice
The Legend of Zelda: The Wind Waker,Puppet Ganon (Snake Mode),Latios212
The Legend of Zelda: The Wind Waker,Rendezvous with the Ship 2,Sebastian
The Legend of Zelda: The Wind Waker,Sage Laruto,Saria
F-Zero,Ending Theme,Yug Guy
F-Zero,Fire Field,Yug Guy
F-Zero,Mute City,Static
Final Fantasy IV,Another Moon,Static
Final Fantasy IV,Battle 1,Yug Guy
Final Fantasy IV,Battle 2,Yug Guy
Final Fantasy IV,Chocobo,Nintendude73
Final Fantasy IV,Dancing Calcobrena,Chipmunk884
Final Fantasy IV,Fanfare,Dakook
Final Fantasy IV,"Golbez, Clad in the Darkness",Commander6
Final Fantasy IV,Illusionary World,Renaud Bergeron
The Legend of Zelda: The Wind Waker,Sealed Hyrule Castle,Sebastian
The Legend of Zelda: The Wind Waker,Song of Passing,Olimar12345
The Legend of Zelda: The Wind Waker,Song of the New Year's Ceremony,Olimar12345
The Legend of Zelda: The Wind Waker,The Deku Tree and the Koroks,FireArrow
The Legend of Zelda: The Wind Waker,The Fairy Queen,TheZeldaPianist275
The Legend of Zelda: The Wind Waker,The Forest of Outset Island,Static
The Legend of Zelda: The Wind Waker,The Great Sea,Zunawe
The Legend of Zelda: The Wind Waker,The Great Sea is Cursed,Sebastian
The Legend of Zelda: The Wind Waker,The Legendary Hero,Latios212
The Legend of Zelda: The Wind Waker,The Legendary Hero (Four Hands),Latios212
The Legend of Zelda: The Wind Waker,Title,Static
The Legend of Zelda: The Wind Waker,To Hyrule,Sebastian
The Legend of Zelda: The Wind Waker,Wind God's Aria,Olimar12345
The Legend of Zelda: The Wind Waker,Wind Temple,Onionleaf
The Legend of Zelda: The Wind Waker,Wind's Requiem,Olimar12345
Final Fantasy IV,Inn,Lumaga
Final Fantasy IV,Kingdom Baron,Tobbeh99
Final Fantasy IV,Mt. Ordeals,Static
Final Fantasy IV,Red Wings,Tobbeh99
Final Fantasy IV,The Airship,Yug Guy
Final Fantasy IV,The Dreadful Fight,Static
Final Fantasy IV,The Final Battle,Static
Final Fantasy IV,Theme of Love,Latios212
Final Fantasy IV,Tower of Babil,Commander6
Final Fantasy V,A New World,Static
Final Fantasy V,Battle 1,Yug Guy
Final Fantasy V,Battle 2,Static
Final Fantasy V,Battle at the Big Bridge,Static
The Legend of Zelda: The Wind Waker,Windfall Island,Latios212
The Legend of Zelda: The Wind Waker,Yacht Game,FireArrow
The Legend of Zelda: The Wind Waker,Zelda's Awakening,Onionleaf
The Legend of Zelda: The Wind Waker,Zunari's Store,Olimar12345
Wario World,Greenhorn Forest,Nine Lives
Wario World,Kobito (Unused),Nine Lives
Wario World,Outside Horror Manor,Nine Lives
Wario World,Thrillsville,Jegilmer
Final Fantasy V,Beyond the Deep Blue Sea,Renaud Bergeron
Final Fantasy V,Close Call,Commander6
Final Fantasy V,Cursed Lands,FierceDeity
Final Fantasy V,Ending Theme,Static
Final Fantasy V,Exdeath's Castle,Static
Final Fantasy V,Hurry! Hurry!,Commander6
Final Fantasy V,Library of Ancients,Commander6
Final Fantasy V,Main Theme of FINAL FANTASY V,Static
Final Fantasy V,Sealed Away,Commander6
Final Fantasy V,Sealed Book,Commander6
Final Fantasy V,Spreading Grand Wings,Static
Final Fantasy V,The Decisive Battle,Static
Final Fantasy V,The Evil Lord Exdeath,Static
Final Fantasy V,The Final Battle,Static
Final Fantasy V,Town Theme,Static
Final Fantasy V,Victory Fanfare,Th3Gavst3r
Final Fantasy VI,Balance Is Restored,Static
Final Fantasy VI,Battle,Yug Guy
Final Fantasy VI,Battle to the Death,Static
Final Fantasy VI,Cyan's Theme,Yugikun
Final Fantasy VI,Dancing Mad,Maelstrom
Final Fantasy VI,Dark World,Gooch
Final Fantasy VI,Kefka,Brawler4Ever
Final Fantasy VI,Phantom Train,Static
Final Fantasy VI,Slam Shuffle,Johnny Goforth
Final Fantasy VI,Spinach Rag,Static
Final Fantasy VI,Strago's Theme,Jake_Luigi
Final Fantasy VI,Terra's Theme,G-Han
Final Fantasy VI,The Day After,Yugikun
Final Fantasy VI,The Decisive Battle,Yug Guy
Final Fantasy VI,The Devil's Lab,Yugikun
Final Fantasy VI,The Mines of Narshe,Static
Final Fantasy VI,Town 2 (Unreleased Track),Static
Final Fantasy VI,Victory Fanfare,Maelstrom
Fire Emblem: Genealogy of the Holy War,Chapter 2 (Disturbance in Agustria),Pyre
Fire Emblem: Genealogy of the Holy War,Chapter 3 (Eldigan the Lionheart),Libera
Fire Emblem: Genealogy of the Holy War,Emperor Arvis,Maelstrom
Fire Emblem: Genealogy of the Holy War,End of Despair,Libera
Fire Emblem: Genealogy of the Holy War,Level Up!,Maelstrom
Fire Emblem: Genealogy of the Holy War,Music Box,Libera
Fire Emblem: Genealogy of the Holy War,Recruitment,Maelstrom
Fire Emblem: Genealogy of the Holy War,Versus Arvis,Maelstrom
Fire Emblem: Mystery of the Emblem,Legend of the Divine Dragon (A),Maelstrom
Fire Emblem: Mystery of the Emblem,Legend of the Divine Dragon (B),Maelstrom
Fire Emblem: Mystery of the Emblem,Under the Flag,Th3Gavst3r
Fire Emblem: Thracia 776,Sara,Libera
Harvest Moon,Spring Theme,Sebastian
Harvest Moon,Star Night Festival,Code_Name_Geek
Harvest Moon,Town Theme,Code_Name_Geek
Harvest Moon,Winter,Code_Name_Geek
Illusion of Gaia,Ankor Wat,Jesse J.K.
Illusion of Gaia,Longing for the Past,Libera
Illusion of Gaia,Show Me Your Eyes (Ending),Jesse J.K.
Illusion of Gaia,Threat of Dark Gaia,Nine Lives
Kirby Super Star,Bubbly Clouds,Yug Guy
Kirby Super Star,Choose Your Weapon,ThatHiddenCharacter
Kirby Super Star,Cocoa Cave,Yug Guy
Kirby Super Star,Computer Virus Battle,LeviR.star
Kirby Super Star,Corkboard,Yug Guy
Kirby Super Star,Crash! Gourmet Race,LeviR.star
Kirby Super Star,Dreaming of Food,LeviR.star
Kirby Super Star,Dynablade Overworld,Yug Guy
Kirby Super Star,Flying Through Outer Space,LeviR.star
Kirby Super Star,Gladiator Kirby,LeviR.star
Kirby Super Star,Gourmet Race,Latios212
Kirby Super Star,Gourmet Race (Four Hands),Latios212
Kirby Super Star,Heart of Nova,LeviR.star
Kirby Super Star,Hilltop Chase,LeviR.star
Kirby Super Star,King Dedede's Theme,ThatHiddenCharacter
Kirby Super Star,Marx's Theme,Latios212
Kirby Super Star,Meta Knight's Theme,Dekkadeci
Kirby Super Star,Milky Way Wishes,Latios212
Kirby Super Star,Mine Cart Riding,ThatHiddenCharacter
Kirby Super Star,Peanut Plain,Yug Guy
Kirby Super Star,Rest Point,stellarlights24
Kirby Super Star,Taking Over the Halberd,Latios212
Kirby Super Star,The Battleship Halberd: On Deck,Latios212
Kirby's Avalanche,Title Screen,LeviR.star
Kirby's Dream Course,King Dedede,LeviR.star
Kirby's Dream Course,The First Hole,LeviR.star
Kirby's Dream Land 3,Grass Land 1,LeviR.star
Kirby's Dream Land 3,Iceberg,Static
Kirby's Star Stacker,King Dedede,LeviR.star
Lagoon,Elf Field,The-Real-Link
Live A Live,Wanderer,Yugikun
Lufia & The Fortress of Doom,Boss Battle,WiiMan96
Lufia & The Fortress of Doom,Ending (Four Hands),WiiMan96
Lufia & The Fortress of Doom,Fanfare,WiiMan96
Lufia & The Fortress of Doom,Final Battle,WiiMan96
Lufia & The Fortress of Doom,Overworld,Palagerini
Lufia & The Fortress of Doom,Reunion,WiiMan96
Lufia & The Fortress of Doom,Shop,WiiMan96
Lufia & The Fortress of Doom,The Fortress of Doom,WiiMan96
Lufia & The Fortress of Doom,The Sinistrals,WiiMan96
Mario & Wario,Level 4: Ice Cave,LeviR.star
Mario Paint,Creative Exercise,Th3Gavst3r
Mario Paint,Monkeys (Four Hands),Nine Lives
Mario Paint,Title Theme,Nine Lives
Mega Man & Bass,Cold Man Stage,LeviR.star
Mega Man 7,Burst Man,Commander6
Mega Man 7,Cloud Man,Commander6
Mega Man 7,Dr. Wily Stage 4,LeviR.star
Mega Man 7,Freeze Man,Commander6
Mega Man 7,Junk Man,Commander6
Mega Man 7,Museum,Commander6
Mega Man 7,Opening Stage,Sipan1234
Mega Man 7,Shade Man Stage,WaluigiTime64
Mega Man 7,Shade Man Stage (Alt),Commander6
Mega Man 7,Slash Man,Commander6
Mega Man 7,Spring Man,Commander6
Mega Man 7,Turbo Man,Commander6
Mega Man X,Armored Armadillo Stage,Atcero
Mega Man X,Ending,G-Han
Mega Man X,Sigma Stage 2,LeviR.star
Mega Man X,Spark Mandrill,Yugikun
Mega Man X,Storm Eagle Stage,Atcero
Mega Man X,Zero's Theme,G-Han
Mega Man X2,Credits,Sipan1234
Mega Man X2,Crystal Snail,Megaman64
Mega Man X2,Zero's Theme,Sipan1234
Mega Man X3,Gravity Beetle Stage,LeviR.star
Mega Man X3,Opening Stage,Jake_Luigi
Mega Man X3,Stage Intro,Megaman64
Plok!,Beach,Cashwarrior1
Plok!,Flea Pit,Cashwarrior1
Porky Pig's Haunted Holiday,Wackyland,The Deku Trombonist
Romancing SaGa,The Conflict,LeviR.star
Secret of Evermore,Greek Temple,Static
Secret of Mana,A Conclusion,The Deku Trombonist
Secret of Mana,A Wish,The Deku Trombonist
Secret of Mana,Ally Joins,The Deku Trombonist
Secret of Mana,Distant Thunder (Four Hands),The Deku Trombonist
Secret of Mana,Fear of the Heavens (Two Pianos),The Deku Trombonist
Secret of Mana,I Closed My Eyes,Yug Guy
Secret of Mana,I Won't Forget,The Deku Trombonist
Secret of Mana,In the Dead of Night,The Deku Trombonist
Secret of Mana,Into the Thick of It (Two Pianos),The Deku Trombonist
Secret of Mana,Meridian Dance,Static
Secret of Mana,Mystic Invasion,The Deku Trombonist
Secret of Mana,Phantom and a Rose,The Deku Trombonist
Secret of Mana,Prophecy,The Deku Trombonist
Secret of Mana,Spirit of the Night,The Deku Trombonist
Secret of Mana,Still of the Night,The Deku Trombonist
Secret of Mana,The Color of the Summer Sky,Yug Guy
Secret of Mana,The Dark Star,The Deku Trombonist
Shin Megami Tensei,Mansion of Heresy,Rwars
Shin Megami Tensei,Shopping Arcade,Static
Shin Megami Tensei,Terminal,Rwars
Shin Megami Tensei if...,Title Demo,Static
Shin Megami Tensei II,3D: Virtual Battler,Static
Star Fox,Closing Medley,Nine Lives
Star Fox,Corneria,Yug Guy
Star Fox,Course Map Select,The Deku Trombonist
Star Fox,Credits,Tranzlater
Star Fox,Ending,Brassman388
Star Fox,Fortuna,Nine Lives
Star Fox,Macbeth,Nine Lives
Star Fox,Out of This Dimension,Kricketune54
Star Fox,Sector X & Sector Z,Nine Lives
Star Fox,Sector Y,Nine Lives
Star Fox,Space Armada,The Deku Trombonist
Star Fox,Titania,Nine Lives
Star Fox,Title Medley,Nine Lives
Star Fox,Venom Base (Level 1 & 3),Fantastic Ike
Star Fox,Venom Base (Level 2),Fantastic Ike
Super Bomberman,Level 5,The Deku Trombonist
Super Bomberman,Level 5 (Four Hands),The Deku Trombonist
Super Castlevania IV,Game Over,pokeyasd
Super Castlevania IV,Knight Corridor (Stage 6-1),Atcero
Super Castlevania IV,Password,pokeyasd
Super Castlevania IV,Simon Belmont's Theme,Yug Guy
Super Mario All-Stars,SMB1 Bowser Battle,JDMEK5
Super Mario Kart,Battle Mode,Static
Super Mario Kart,Choco Island,Static
Super Mario Kart,Choose Your Driver,Static
Super Mario Kart,Donut Plains,Latios212
Super Mario Kart,Ending,Nine Lives
Super Mario Kart,Koopa Beach,G-Han
Super Mario Kart,Mario Circuit,Static
Super Mario Kart,Rainbow Road,Latios212
Super Mario Kart,Rainbow Road (Duet),The Deku Trombonist
Super Mario Kart,Title Screen,Static
Super Mario Kart,Vanilla Lake,Th3Gavst3r
Super Mario Kart,Vanilla Lake (Beta 2),Static
Super Mario Kart,Victory,WiiMan96
Super Mario RPG: Legend of the Seven Stars,Barrel Volcano,Nintendude73
Super Mario RPG: Legend of the Seven Stars,Battle Victory,Nintendude73
Super Mario RPG: Legend of the Seven Stars,Bean Valley,Nintendude73
Super Mario RPG: Legend of the Seven Stars,Beware the Forest's Mushrooms,Sebastian
Super Mario RPG: Legend of the Seven Stars,Bowser Music,Nintendude73
Super Mario RPG: Legend of the Seven Stars,Chasing the Axem Rangers,Nintendude73
Super Mario RPG: Legend of the Seven Stars,Conversation With Culex,Sebastian
Super Mario RPG: Legend of the Seven Stars,Culex Victory,Nintendude73
Super Mario RPG: Legend of the Seven Stars,Dodo's Coming!!,ThatHiddenCharacter
Super Mario RPG: Legend of the Seven Stars,Fight Against an Armed Boss,Gmanhoffman
Super Mario RPG: Legend of the Seven Stars,Fight Against Monsters,Sebastian
Super Mario RPG: Legend of the Seven Stars,"Fight Against Smithy, Who Likes Transforming",Static
Super Mario RPG: Legend of the Seven Stars,Geno Awakens,Sebastian
Super Mario RPG: Legend of the Seven Stars,Get New Ally,Nintendude73
Super Mario RPG: Legend of the Seven Stars,Grate Guy's Casino,Nintendude73
Super Mario RPG: Legend of the Seven Stars,"Hello, Happy Kingdom",Sebastian
Super Mario RPG: Legend of the Seven Stars,Here's Some Weapons!,Sebastian
Super Mario RPG: Legend of the Seven Stars,Hinopio's Shop,Nintendude73
Super Mario RPG: Legend of the Seven Stars,Invincible Star,Nintendude73
Super Mario RPG: Legend of the Seven Stars,Koopa Castle (Both Times),Sebastian
Super Mario RPG: Legend of the Seven Stars,Let's Go Down the Wine River,Static
Super Mario RPG: Legend of the Seven Stars,"Let's Play, Geno!",Nintendude73
Super Mario RPG: Legend of the Seven Stars,Let's Race,Sebastian
Super Mario RPG: Legend of the Seven Stars,Let's Try,Latios212
Super Mario RPG: Legend of the Seven Stars,Marrymore,Nintendude73
Super Mario RPG: Legend of the Seven Stars,Moleville,Nintendude73
Super Mario RPG: Legend of the Seven Stars,Moleville Mountain Ride,Nintendude73
Super Mario RPG: Legend of the Seven Stars,Nimbus Land,FierceDeity
Super Mario RPG: Legend of the Seven Stars,Opening,Nintendude73
Super Mario RPG: Legend of the Seven Stars,Pipe Vault,Nintendude73
Super Mario RPG: Legend of the Seven Stars,Sad Song,Sebastian
Super Mario RPG: Legend of the Seven Stars,Smithy Battle 1,Nintendude73
Super Mario RPG: Legend of the Seven Stars,Starhill,Nintendude73
Super Mario RPG: Legend of the Seven Stars,Sunken Ship,Nintendude73
Super Mario RPG: Legend of the Seven Stars,Super Pipe House,Sebastian
Super Mario RPG: Legend of the Seven Stars,Tadpole Pond,Nintendude73
Super Mario RPG: Legend of the Seven Stars,The End!,Nintendude73
Super Mario RPG: Legend of the Seven Stars,The Road is Full of Dangers,Sebastian
Super Mario RPG: Legend of the Seven Stars,The Sword Descends and the Stars Scatter,Bloop
Super Mario RPG: Legend of the Seven Stars,Toadofsky,Nintendude73
Super Mario RPG: Legend of the Seven Stars,Weapons Factory,Static
Super Mario RPG: Legend of the Seven Stars,Welcome to Booster Tower,Sebastian
Super Mario RPG: Legend of the Seven Stars,Where Am I Going?,Sebastian
Super Mario World,Athletic,Brassman388
Super Mario World,Bonus Screen,G-Han
Super Mario World,Course Clear Fanfare,G-Han
Super Mario World,Ending Theme,Olimar12345
Super Mario World,Game Over,Sekter77
Super Mario World,Haunted House,Sekter77
Super Mario World,Koopa Kid Battle,Olimar12345
Super Mario World,Koopa Kid Castle Clear,Sekter77
Super Mario World,MAP 1 (Yoshi's Island),G-Han
Super Mario World,MAP 2 (Overworld),G-Han
Super Mario World,MAP 3 (Vanilla Dome),Sekter77
Super Mario World,MAP 4 (Star World),G-Han
Super Mario World,MAP 5 (Forest of Illusion),G-Han
Super Mario World,MAP 6 (Bowser Castle),Sekter77
Super Mario World,MAP 7 (Special),Latios212
Super Mario World,Overworld,Sekter77
Super Mario World,Player Down,G-Han
Super Mario World,Princess Peach is Rescued,Sekter77
Super Mario World,Sub Castle,Olimar12345
Super Mario World,Swimming,Brassman388
Super Mario World,The Evil King Bowser,Sekter77
Super Mario World,Title Screen,Latios212
Super Mario World 2: Yoshi's Island,Athletic,Olimar12345
Super Mario World 2: Yoshi's Island,Baby Bowser,LeviR.star
Super Mario World 2: Yoshi's Island,Big Boss BGM,Olimar12345
Super Mario World 2: Yoshi's Island,Bonus Game,Olimar12345
Super Mario World 2: Yoshi's Island,Castle & Fortress,Olimar12345
Super Mario World 2: Yoshi's Island,Ending,dahans
Super Mario World 2: Yoshi's Island,Flower Garden,Olimar12345
Super Mario World 2: Yoshi's Island,Goal & Score,Olimar12345
Super Mario World 2: Yoshi's Island,Kamek's Theme,Olimar12345
Super Mario World 2: Yoshi's Island,Mini Boss,Olimar12345
Super Mario World 2: Yoshi's Island,Overworld,Olimar12345
Super Mario World 2: Yoshi's Island,Powerful Infant,Olimar12345
Super Mario World 2: Yoshi's Island,Room Before Boss,Olimar12345
Super Mario World 2: Yoshi's Island,Story Music Box,Olimar12345
Super Mario World 2: Yoshi's Island,Training Course,Olimar12345
Super Mario World 2: Yoshi's Island,Transform,Myron J
Super Mario World 2: Yoshi's Island,Underground BGM,Olimar12345
Super Mario World 2: Yoshi's Island,World Map,MoldyPond
Super Mario World 2: Yoshi's Island,Yoshi Start Demo,Olimar12345
Super Mario World 2: Yoshi's Island,Yoshi's Island,Latios212
Super Metroid,Big Boss Confrontation BGM,Brassman388
Super Metroid,Brinstar - Red Soil Swampy Area,Maelstrom
Super Metroid,Ending,Maelstrom
Super Metroid,Maridia - Quicksand Underground Water Area,Brassman388
Super Metroid,Maridia - Rocky Underground Water Area,Olimar12345
Super Metroid,Small Boss Confrontation BGM,Olimar12345
Super Metroid,Theme of Super Metroid,The Deku Trombonist
Super NES Classic Edition BIOS,Menu,LeviR.star
Tales of Phantasia,Fighting of the Spirit,G-Han
Tales of Phantasia,Sakuraba Solo,Jimbabwe
Teenage Mutant Ninja Turtles IV: Turtles In Time,"Big Apple, 3 A.M.",Th3Gavst3r
Teenage Mutant Ninja Turtles IV: Turtles In Time,Sewer Surfin',Th3Gavst3r
Terranigma,Crysta,Chipmunk884
Terranigma,Evergreen Forest,Jimbabwe
Terranigma,Grecliff,X3rd0ra5
Terranigma,Town,Static
Tetris Attack,Bowser's Stage,Commander6
Tetris Attack,Demo (Lip's Theme),Yug Guy
Tetris Attack,Demo (Lip's Theme) (Four Hands),Yug Guy
Tetris Attack,Forest Stage,Commander6
Tetris Attack,Special Ending IV,Double_A
Tetris Attack,Water Stage,Commander6
The Legend of the Mystical Ninja,Sentiment of Travelers in Hagure Town,Code_Name_Geek
The Legend of Zelda: A Link to the Past,Agahnim,The Deku Trombonist
The Legend of Zelda: A Link to the Past,Being a Bunny,G-Han
The Legend of Zelda: A Link to the Past,Boss Battle,The Deku Trombonist
The Legend of Zelda: A Link to the Past,Boss Victory Fanfare,The Deku Trombonist
The Legend of Zelda: A Link to the Past,Cave,Maelstrom
The Legend of Zelda: A Link to the Past,Church,The Deku Trombonist
The Legend of Zelda: A Link to the Past,Credits,The Deku Trombonist
The Legend of Zelda: A Link to the Past,Dark World,The Deku Trombonist
The Legend of Zelda: A Link to the Past,Dark World (Four Hands),The Deku Trombonist
The Legend of Zelda: A Link to the Past,Dark World Dungeon,The Deku Trombonist
The Legend of Zelda: A Link to the Past,Death Mountain,PiranhaPlant
The Legend of Zelda: A Link to the Past,Epilogue,The Deku Trombonist
The Legend of Zelda: A Link to the Past,Ganon Battle,Don Valentino
The Legend of Zelda: A Link to the Past,Hyrule Castle,The Deku Trombonist
The Legend of Zelda: A Link to the Past,Kakariko Village,The Deku Trombonist
The Legend of Zelda: A Link to the Past,Light World Dungeon,Adrian Currier
The Legend of Zelda: A Link to the Past,Lost Woods,The Deku Trombonist
The Legend of Zelda: A Link to the Past,Master Sword,The Deku Trombonist
The Legend of Zelda: A Link to the Past,Minigame,The Deku Trombonist
The Legend of Zelda: A Link to the Past,Ocarina Boy,The Deku Trombonist
The Legend of Zelda: A Link to the Past,Opening,The Deku Trombonist
The Legend of Zelda: A Link to the Past,Overworld,JDMEK5
The Legend of Zelda: A Link to the Past,Princess Zelda's Rescue,The Deku Trombonist
The Legend of Zelda: A Link to the Past,Shop,G-Han
The Legend of Zelda: A Link to the Past,The Soldiers of Kakariko Village,The Deku Trombonist
The Legend of Zelda: A Link to the Past,Time of the Falling Rain,The Deku Trombonist
The Legend of Zelda: A Link to the Past,Title Screen,The Deku Trombonist
The Legend of Zelda: A Link to the Past,Triforce Chamber,The Deku Trombonist
Trials of Mana,Another Winter,Static
Trials of Mana,Sacrifice Part Three,Static
Wario's Woods,Versus,Nine Lives
Yoshi's Safari,Map,The Deku Trombonist
Animal Crossing: City Folk,City Square,Olimar12345
Animal Crossing: City Folk,K.K. Sonata (Aircheck),Zeila
Animal Crossing: City Folk,Stale Cupcakes (Aircheck),WandringMinstrel
Donkey Kong Country Returns,Life in the Mines Returns,Bloop
Donkey Kong Country Returns,Muncher Marathon,Bloop
Donkey Kong Country Returns,Music Madness,Bloop
Donkey Kong Country Returns,Rocket Barrel,Dekudude
Final Fantasy Crystal Chronicles: My Life as a King,A New Home,WiiMan96
Final Fantasy Crystal Chronicles: My Life as a King,Monster Ronde (Two Pianos),WiiMan96
Fire Emblem: Radiant Dawn,Eternal Bond,Tobbeh99
Harvest Moon: Animal Parade,Something Spooky...,Code_Name_Geek
Harvest Moon: Tree of Tranquility,Cooking,Code_Name_Geek
Kirby's Epic Yarn,Big-Bean Vine,mastersuperfan
Kirby's Epic Yarn,Blub-Blub Ocean,mastersuperfan
Kirby's Epic Yarn,Butter Building,mastersuperfan
Kirby's Epic Yarn,Cool Cave,Dudeman
Kirby's Epic Yarn,Cozy Cabin,Nebbles
Kirby's Epic Yarn,Dark Manor,Kricketune54
Kirby's Epic Yarn,Dino Jungle,mastersuperfan
Kirby's Epic Yarn,Dream Land,Rubikium
Kirby's Epic Yarn,Dusk Dunes,mastersuperfan
Kirby's Epic Yarn,Ending,The Deku Trombonist
Kirby's Epic Yarn,Flower Fields,Latios212
Kirby's Epic Yarn,Frosty Wheel,Nebbles
Kirby's Epic Yarn,Future City,LeviR.star
Kirby's Epic Yarn,Gourmet Race,E. Gadd Industries
Kirby's Epic Yarn,Grass Land,Oronoco
Kirby's Epic Yarn,Halberd,Zeila
Kirby's Epic Yarn,Kirby's Pad,mastersuperfan
Kirby's Epic Yarn,Kracko,stellarlights24
Kirby's Epic Yarn,Lava Landing,Olimar12345
Kirby's Epic Yarn,Melody Town,Dudeman
Kirby's Epic Yarn,Meta Knight,Zeila
Kirby's Epic Yarn,Mole Hole,Dudeman
Kirby's Epic Yarn,Mushroom Run,mastersuperfan
Kirby's Epic Yarn,Outer Rings,Latios212
Kirby's Epic Yarn,Patch Castle,Dudeman
Kirby's Epic Yarn,Quilty Court,E. Gadd Industries
Kirby's Epic Yarn,Secret Island,mastersuperfan
Kirby's Epic Yarn,Snow Land,LeviR.star
Kirby's Epic Yarn,Squashini,Static
Kirby's Epic Yarn,Stage Clear,Nutella511
Kirby's Epic Yarn,Stage Clear (Gold Medal),Nutella511
Kirby's Epic Yarn,Stellar Way,Olimar12345
Kirby's Epic Yarn,Title Screen,Latios212
Kirby's Epic Yarn,Toy Tracks,mastersuperfan
Kirby's Epic Yarn,Treat Land,Rubikium
Kirby's Epic Yarn,Water Land,Latios212
Kirby's Epic Yarn,Weird Woods,Nebbles
Kirby's Epic Yarn,Yin-Yarn's Theme,Dudeman
Kirby's Return to Dream Land,Boss Battle,Gmanhoffman
Kirby's Return to Dream Land,Dangerous Dinner,Latios212
Kirby's Return to Dream Land,Egg Engines,mastersuperfan
Kirby's Return to Dream Land,Road to Victory (The Arena),LeviR.star
Kirby's Return to Dream Land,Steel Station,Kricketune54
Mario Kart Wii,Bowser's Castle,Bloop
Mario Kart Wii,Daisy Circuit,The Deku Trombonist
Mario Kart Wii,DK Summit,The Deku Trombonist
Mario Kart Wii,Final Lap,Dudeman
Mario Kart Wii,Grumble Volcano,The Deku Trombonist
Mario Kart Wii,Koopa Cape,The Deku Trombonist
Mario Kart Wii,Luigi Circuit/Mario Circuit,XiaoMigros
Mario Kart Wii,Maple Treeway,Sebastian
Mario Kart Wii,Moo Moo Meadows,Bloop
Mario Kart Wii,Moonview Highway,Joel Hands-Otte
Mario Kart Wii,Moonview Highway (Two Pianos),Joel Hands-Otte
Mario Kart Wii,Mushroom Gorge (Four Hands),dahans
Mario Kart Wii,No Trophy For You,Whoppybones
Mario Kart Wii,Race Results (Win),The Deku Trombonist
Mario Kart Wii,Rainbow Road,Zeila
Mario Kart Wii,Rainbow Road (Two Pianos),WaluigiTime64
Mario Kart Wii,Staff Credits A,Whoppybones
Mario Kart Wii,Staff Credits B,The Deku Trombonist
Mario Kart Wii,Start Your Engines (Race),Joel Hands-Otte
Mario Kart Wii,Thwomp Desert,FireArrow
Mario Kart Wii,Toad's Factory,Bloop
Mario Kart Wii,Wi-Fi Waiting Room,Sebastian
Mario Party 9,Battle with Blooper!,Bloop
Mario Party 9,Blooper's Mad!,Bloop
Mario Party 9,Magma Mine,Jake_Luigi
Mario Party 9,Now You've Done It,ThatHiddenCharacter
Metroid Prime 3: Corruption,Battle with Gandrayda,Olimar12345
Metroid Prime 3: Corruption,Channel Theme,MetroidHunter26
Metroid Prime 3: Corruption,Theme of Rundas,Maelstrom
Metroid Prime 3: Corruption,Title Screen,Maelstrom
Metroid: Other M,Samus' Theme,Don Valentino
New Super Mario Bros. Wii,Castle,skiaak
New Super Mario Bros. Wii,Desert Theme,AmpharosAndy
New Super Mario Bros. Wii,Ghost House,Sebastian
New Super Mario Bros. Wii,Multiplayer Miss,Joel Hands-Otte
New Super Mario Bros. Wii,Underwater,dahans
New Super Mario Bros. Wii,Volcanic Overworld Theme,Sebastian
New Super Mario Bros. Wii,Volcanic Underground Theme,Sebastian
New Super Mario Bros. Wii,Wii Channel,WiiMan96
New Super Mario Bros. Wii,World 1,skiaak
New Super Mario Bros. Wii,World 3,E. Gadd Industries
New Super Mario Bros. Wii,World 4,Sebastian
New Super Mario Bros. Wii,World 6,Bloop
New Super Mario Bros. Wii,World 8,XiaoMigros
No More Heroes,HISSATSU Jamba,G-Han
PokéPark Wii: Pikachu's Adventure,Loading Screen,Bubbles
PokéPark Wii: Pikachu's Adventure,Meeting Place,Latios212
Red Steel,Trailer Theme,Beethoven II
Rhythm Heaven Fever,Dreams of Our Generation (Night Walk),Latios212
Rhythm Heaven Fever,Hole in One,WaluigiTime64
Rhythm Heaven Fever,"I Love You, My One and Only (Remix 8)",Latios212
Rhythm Heaven Fever,Micro-Row,ThatHiddenCharacter
Rhythm Heaven Fever,Micro-Row 2,ThatHiddenCharacter
Rhythm Heaven Fever,Shrimp Shuffle,WaluigiTime64
Rhythm Heaven Fever,Working Dough,Latios212
Sonic and the Secret Rings,High and Broken,Mr. Unibrow
Super Mario Galaxy,A Tense Moment,Sebastian
Super Mario Galaxy,Battlerock Galaxy,Bloop
Super Mario Galaxy,Beach Bowl Galaxy,The Deku Trombonist
Super Mario Galaxy,Birth,Nacho2420
Super Mario Galaxy,Bouldergeist,Bloop
Super Mario Galaxy,Buoy Base Galaxy,Olimar12345
Super Mario Galaxy,Buoy Base Galaxy - Undersea,Olimar12345
Super Mario Galaxy,Chase the Bunnies!,Sebastian
Super Mario Galaxy,Course Clear,JDMEK5
Super Mario Galaxy,Drip Drop Galaxy,E. Gadd Industries
Super Mario Galaxy,Egg Planet,Sebastian
Super Mario Galaxy,End Title (Two Pianos),ALPRAS
Super Mario Galaxy,Family,Kim Duy Vo
Super Mario Galaxy,File Select,ALPRAS
Super Mario Galaxy,Final Battle with Bowser,XiaoMigros
Super Mario Galaxy,Flying Mario,The Deku Trombonist
Super Mario Galaxy,Gateway Galaxy,Nacho2420
Super Mario Galaxy,Grand Star,JDMEK5
Super Mario Galaxy,Gusty Garden Galaxy,Olimar12345
Super Mario Galaxy,Heavy Metal Mecha-Bowser,XiaoMigros
Super Mario Galaxy,Ice Mountain,E. Gadd Industries
Super Mario Galaxy,Interlude,XiaoMigros
Super Mario Galaxy,Into the Galaxy,ALPRAS
Super Mario Galaxy,Lava Path,E. Gadd Industries
Super Mario Galaxy,Library,The Deku Trombonist
Super Mario Galaxy,Melty Molten Galaxy (Hell Prominence),Static
Super Mario Galaxy,Observatory Dome,LeviR.star
Super Mario Galaxy,Overture,Latios212
Super Mario Galaxy,Prologue,The Deku Trombonist
Super Mario Galaxy,Purple Comet,XiaoMigros
Super Mario Galaxy,Rainbow Star Theme,B-Kpianist
Super Mario Galaxy,"Rosalina's Comet Observatory 1, 2 & 3",Olimar12345
Super Mario Galaxy,Space Junk Galaxy,Nacho2420
Super Mario Galaxy,Speedy Comet,Purple1222119
Super Mario Galaxy,Starbit Festival,The Deku Trombonist
Super Mario Galaxy,Super Mario 2007 (Toy Time Galaxy),XiaoMigros
Super Mario Galaxy,Super Mario Galaxy,XiaoMigros
Super Mario Galaxy,The Galaxy Reactor,XiaoMigros
Super Mario Galaxy,The Girl's Sadness,Sebastian
Super Mario Galaxy,The Toad Brigade,XiaoMigros
Super Mario Galaxy,To the Observatory Grounds 1 & 2,XiaoMigros
Super Mario Galaxy,Waltz of the Boos,Don Valentino
Super Mario Galaxy 2,Beta Song 3,dahans
Super Mario Galaxy 2,Bowser Jr.'s Fiery Flotilla,Latios212
Super Mario Galaxy 2,Bowser's Galaxy Generator,Purple1222119
Super Mario Galaxy 2,Chompworks Galaxy,Olimar12345
Super Mario Galaxy 2,Cosmic Cove Galaxy,The Deku Trombonist
Super Mario Galaxy 2,Ending,Nacho2420
Super Mario Galaxy 2,Fateful Decision,Purple1222119
Super Mario Galaxy 2,Fluffy Bluff Galaxy,The Deku Trombonist
Super Mario Galaxy 2,Green Star,Rubikium
Super Mario Galaxy 2,Hightail Falls Galaxy,Bloop
Super Mario Galaxy 2,Melty Monster Galaxy,The Deku Trombonist
Super Mario Galaxy 2,Pipe Room,Jegilmer
Super Mario Galaxy 2,Prologue,ALPRAS
Super Mario Galaxy 2,Puzzle Plank Galaxy,The Deku Trombonist
Super Mario Galaxy 2,Rightside Down Galaxy,Static
Super Mario Galaxy 2,Sky Station,Olimar12345
Super Mario Galaxy 2,Slipsand Galaxy,AmpharosAndy
Super Mario Galaxy 2,Space Storm Galaxy,Shado
Super Mario Galaxy 2,Spin-Dig Galaxy,Static
Super Mario Galaxy 2,Starship Mario 1,Sebastian
Super Mario Galaxy 2,Sweet Mystery Galaxy,Bloop
Super Mario Galaxy 2,Trailer Theme,Olimar12345
Super Mario Galaxy 2,World 1 & 2,Nacho2420
Super Mario Galaxy 2,World 3,Sebastian
Super Mario Galaxy 2,World 4,Nacho2420
Super Mario Galaxy 2,World S,TheMarioPianist
Super Mario Galaxy 2,Yoshi Star Galaxy,Sebastian
Super Paper Mario,An Unrivaled Battle,King Sammer
Super Paper Mario,Battle Time,Static
Super Paper Mario,Big Blooper Appears,ThatHiddenCharacter
Captain Toad: Treasure Tracker,Retro Ramp-Up,ThatHiddenCharacter
Super Paper Mario,Champion of Destruction,Commander6
Super Paper Mario,Closing Battle,spitllama
Super Paper Mario,"Dimentio, Charming Magician",Bloop
Super Paper Mario,Flipside,Static
Super Paper Mario,Floro Caverns,Bloop
Super Paper Mario,Fort Francis,Bloop
Super Paper Mario,Fracktail Battle,Bloop
Super Paper Mario,Francis Battle,Bloop
Super Paper Mario,Francis Battle (Two Pianos),Bloop
Super Paper Mario,It's Showtime,Bloop
Super Paper Mario,Memory,B-Kpianist
Super Paper Mario,Merlee's Mansion,Bloop
Super Paper Mario,Mimi Battle,Bloop
Super Paper Mario,Mimi the Copycat,Bloop
Super Paper Mario,"Mr. L, Green Thunder",Kricketune54
Super Paper Mario,Outer Space,Bloop
Super Paper Mario,Overthere Stair,Sebastian
Kirby and the Rainbow Curse,Milky Way Wishes,Nebbles
Kirby and the Rainbow Curse,Rainbow Across the Skies,Rubikium
Kirby and the Rainbow Curse,Wonder Space,mastersuperfan
Mario Kart 8,3DS Music Park,CreativeMC
Mario Kart 8,Animal Crossing Results,Sebastian
Mario Kart 8,Bone-Dry Dunes,amc
Mario Kart 8,Cloudtop Cruise,holland_oates89
Mario Kart 8,Fanfare Collection,ThatGamer
Mario Kart 8,GCN Dry Dry Desert,Static
Mario Kart 8,Main Menu,The Deku Trombonist
Mario Kart 8,Mario Kart 8,holland_oates89
Mario Kart 8,Mount Wario,Purple1222119
Mario Kart 8,Shy Guy Falls,CreativeMC
Mario Kart 8,Sunshine Airport,Sebastian
Mario Kart 8,Sweet Sweet Canyon,Nine Lives
Mario Kart 8,Water Park,Zeila
Mario Kart 8,Wii Moo Moo Meadows,Purple1222119
Super Paper Mario,Sammer's Kingdom,Sebastian
Super Paper Mario,The Evil Count Bleck,Bloop
Super Paper Mario,The Open Plane,Static
Super Paper Mario,The Underwhere,Sebastian
Super Smash Bros. Brawl,Boss Theme Medley,spitllama
Super Smash Bros. Brawl,Bramble Blast,spitllama
Super Smash Bros. Brawl,Classic Mode Results Screen (Master Hand),The Deku Trombonist
Super Smash Bros. Brawl,Coin Launcher,The Deku Trombonist
Super Smash Bros. Brawl,Dialga/Palkia Battle at Spear Pillar!,Commander6
Super Smash Bros. Brawl,Famicom Medley,WandringMinstrel
Super Smash Bros. Brawl,Final Destination,The Deku Trombonist
Super Smash Bros. Brawl,Fire Emblem Theme,Latios212
Super Smash Bros. Brawl,Gritzy Desert,Static
Super Smash Bros. Brawl,Ground Theme (Super Mario Bros.),Radiak488417
Super Smash Bros. Brawl,Home-Run Contest,Latios212
Super Smash Bros. Brawl,King Dedede's Theme,spitllama
Mario Party 10,Proceed with Caution,cacabish
NES Remix,Title Screen,LeviR.star
New Super Mario Bros. U,Acorn Plains,LeviR.star
New Super Mario Bros. U,Meringue Clouds,Rubikium
New Super Mario Bros. U,Overworld Theme,skiaak
Nintendo Land,Main Plaza (Night),Radiak488417
Nintendo Land,Tutorial (Luigi's Ghost Mansion),Don Valentino
Paper Mario: Color Splash,Eerie Hotel,Sebastian
Paper Mario: Color Splash,Island in Violet,SombreroGuy123
Paper Mario: Color Splash,Main Theme (Ragtime),Latios212
Paper Mario: Color Splash,Prisma Museum,Radiak488417
Paper Mario: Color Splash,Sunset Express,Zeila
Paper Mario: Color Splash,The Juggler (Piano),Radiak488417
Paper Mario: Color Splash,Wii U Loading Screen,ThatHiddenCharacter
Super Smash Bros. Brawl,Mario Circuit,Static
Super Smash Bros. Brawl,Ocarina of Time Medley,Tangy
Super Smash Bros. Brawl,Online Practice Stage,Th3Gavst3r
Super Smash Bros. Brawl,Sticker Album / Album / Chronicle,Yug Guy
Super Smash Bros. Brawl,Subspace Emissary - Overworld,The Deku Trombonist
Super Smash Bros. Brawl,Super Smash Bros. Brawl Main Theme,Tobbeh99
Super Smash Bros. Brawl,Target Smash!!,amc
Super Smash Bros. Brawl,The Legend of Zelda Dark World,Sirus
Super Smash Bros. Brawl,The Roost,spitllama
Super Smash Bros. Brawl,The Roost (Two Pianos),spitllama
Super Smash Bros. Brawl,Trophy Gallery,Yug Guy
Super Smash Bros. Brawl,Victory! (Ice Climbers),amc
Super Smash Bros. Brawl,Victory! (Mother),LifeMushroom
Super Smash Bros. Brawl,Victory! (Star Fox),LifeMushroom
Super Smash Bros. Brawl,Victory! (Super Mario Bros.),LifeMushroom
Super Smash Bros. Brawl,Victory! (The Legend Of Zelda),LifeMushroom
The Last Story,Castle Ruri,Static
Pokkén Tournament,Synergy Burst,Bespinben
Splatoon,Calamari Inkantation,Yug Guy
Splatoon,Now or Never!,BrainyLucario
Splatoon,Splattack!,BrainyLucario
Splatoon,Splattack! (2014 E3PV),Tobbeh99
Star Fox Zero,Staff Credits 2,DS
Super Mario 3D World,Bowser's Lava Lake Keep,amc
Super Mario 3D World,Captain Toad Goes Forth,Maelstrom
Super Mario 3D World,Captain Toad Plays Peek-a-Boo,mastersuperfan
Super Mario 3D World,Captain Toad's Fiery Finale,Sebastian
Super Mario 3D World,Chain-Link Charge,TheMarioPianist
Super Mario 3D World,Course Clear!,TheMarioPianist
Super Mario 3D World,Course Clear! (Short Version),TheMarioPianist
Super Mario 3D World,Final Curtain for Meowser,amc
Super Mario 3D World,Footlight Lane,Radiak488417
Super Mario 3D World,Fuzzy Flood Mine,LeviR.star
Super Mario 3D World,Getting Ready,Splatoon Inkling
Super Mario 3D World,Grand Finale,TheMarioPianist
The Legend of Zelda: Skyward Sword,Ballad of the Goddess,Olimar12345
The Legend of Zelda: Skyward Sword,Bamboo Island,Cashwarrior1
The Legend of Zelda: Skyward Sword,Batreaux's Theme,Dudeman
The Legend of Zelda: Skyward Sword,Dejected Groose,FierceDeity
The Legend of Zelda: Skyward Sword,Earth Temple,Bloop
The Legend of Zelda: Skyward Sword,Faron Woods,The Deku Trombonist
The Legend of Zelda: Skyward Sword,Farore's Silent Realm,Bloop
The Legend of Zelda: Skyward Sword,Fi's Gratitude,Bloop
The Legend of Zelda: Skyward Sword,Groose's Theme,Olimar12345
The Legend of Zelda: Skyward Sword,Groose's Theme (Two Pianos),Olimar12345
The Legend of Zelda: Skyward Sword,Inside the Sandship,Bloop
The Legend of Zelda: Skyward Sword,Inside the Sandship (Past),Bloop
The Legend of Zelda: Skyward Sword,Island in the Sky,NocturneOfShadow
The Legend of Zelda: Skyward Sword,Knight Academy,Jompa
The Legend of Zelda: Skyward Sword,Knight Academy (Four Hands),Jompa
The Legend of Zelda: Skyward Sword,Lanayru Mining Facility - Present,Thomas Wilson
Super Mario 3D World,Shifty Boo Mansion,E. Gadd Industries
Super Mario 3D World,Sprixie Kingdom,amc
Super Mario 3D World,Super Bell Hill,TheMarioPianist
Super Mario 3D World,Switch Scramble Circus,amc
Super Mario 3D World,Title Screen,Yug Guy
Super Mario 3D World,World 1,Sebastian
Super Mario 3D World,World 3,Latios212
Super Mario 3D World,World Clear!,TheMarioPianist
Super Mario 3D World,World Star,mastersuperfan
Super Mario Maker,Airship (Super Mario Bros.),WandringMinstrel
Super Mario Maker,Ghost House (Super Mario Bros. 3),Latios212
Super Mario Maker,Ghost House (Super Mario Bros.),WandringMinstrel
Tokyo Mirage Sessions ♯FE,SESSION!!! (Normal Battle),Latios212
Xenoblade Chronicles X,MNN+@0・ (Ma-non Ship (Day)),JZ
Xenoblade Chronicles X,PianoX1,Zeila
The Legend of Zelda: Skyward Sword,Lanayru Sand Sea,Lkjhgfdsa_77
The Legend of Zelda: Skyward Sword,Link and his Loftwing,Latios212
The Legend of Zelda: Skyward Sword,Lord Ghirahim's Theme,Bloop
The Legend of Zelda: Skyward Sword,Lumpy Pumpkin - Day,Thomas Wilson
The Legend of Zelda: Skyward Sword,Romance in the Air (Two Pianos),Bespinben
The Legend of Zelda: Skyward Sword,Sandship,Bloop
The Legend of Zelda: Skyward Sword,Sandship (Past),Bloop
The Legend of Zelda: Skyward Sword,Scaldera/Tentalus,Bloop
The Legend of Zelda: Skyward Sword,Scrapper's Theme,Dudeman
The Legend of Zelda: Skyward Sword,Sealed Grounds,Onionleaf
The Legend of Zelda: Skyward Sword,Skyloft,JDMEK5
The Legend of Zelda: Skyward Sword,Skyview Temple,Bloop
The Legend of Zelda: Skyward Sword,Song of the Hero,Thomas Wilson
The Legend of Zelda: Skyward Sword,The Sky,Olimar12345
The Legend of Zelda: Skyward Sword,Wing Ceremony Victory,FierceDeity
Wario Land: Shake It!,Just Plains,E. Gadd Industries
Wario Land: Shake It!,Large Fry Cook-Off,Static
Wario Land: Shake It!,Ropey Jungle,Static
Xenoblade Chronicles X,PianoX2,Zeila
Xenoblade Chronicles X,PianoX3,Zeila
Xenoblade Chronicles X,z15f20i12e09l14d (Vocals Only),JZ
Yoshi's Woolly World,Wonderful World of Wool 6,Radiak488417
Yoshi's Woolly World,Yoshi and Cookies,Latios212
Wario Land: Shake It!,Title,E. Gadd Industries
WarioWare: Smooth Moves,Tower Tennis Terror,FireArrow
WarioWare: Smooth Moves,Wario Dance Company,Olimar12345
Wii BIOS,Wii Sounds,amc
Wii Channels,Mii Channel,Olimar12345
Wii Channels,Wii Shop Channel,LeviR.star
Wii Fit,BMI Results,Th3Gavst3r
Wii Fit,Plaza,AmpharosAndy
Wii Sports Resort,Bowling Theme,videogaminglegodude
Xenoblade Chronicles,"Agniratha, Mechonis Capital",JZ
Xenoblade Chronicles,"Agniratha, Mechonis Capital (Night)",Maelstrom
Xenoblade Chronicles,"Alcamoth, Imperial Capital",Latios212
Xenoblade Chronicles,An Obstacle in Our Path,spitllama
Xenoblade Chronicles,An Obstacle in Our Path (Four Hands),spitllama
Xenoblade Chronicles,Colony 9 (Night),Maelstrom
Xenoblade Chronicles,Engage the Enemy,Maelstrom
Xenoblade Chronicles,Eryth Sea,Libera
Xenoblade Chronicles,Gaur Plain,Libera
Xenoblade Chronicles,Hometown,Maelstrom
Xenoblade Chronicles,In the Refugee Camp,Maelstrom
Xenoblade Chronicles,Main Theme,Oronoco
Xenoblade Chronicles,Mechanical Rhythm,Maelstrom
Xenoblade Chronicles,Mechonis Field,LiviDMentality
Xenoblade Chronicles,Memories,Zanza
Xenoblade Chronicles,Prison Island,JZ
Xenoblade Chronicles,Riki's Kindness,Nebbles
Xenoblade Chronicles,Satorl Marsh (Night) (Two Pianos),PitTan
Xenoblade Chronicles,The Fallen Land,Libera
Xenoblade Chronicles,The God-Slaying Sword,Maelstrom
Xenoblade Chronicles,Valak Mountain,Latios212
Xenoblade Chronicles,Valak Mountain (Night),Maelstrom
Xenoblade Chronicles,You Will Know Our Names,Maelstrom
Xenoblade Chronicles,Zanza the Divine,Maelstrom
Castlevania: Symphony of the Night,Dracula's Castle,Maelstrom
Castlevania: Symphony of the Night,Lost Painting,Petpetfood
Castlevania: Symphony of the Night,Marble Gallery,Commander6
Castlevania: Symphony of the Night,Prayer,Tobbeh99
Castlevania: Symphony of the Night,The Tragic Prince,Petpetfood
Chrono Cross,Dimensional Breach (The Bend of Time),Latios212
Chrono Cross,Dream of the Shore Near Another World,Brawler4Ever
Chrono Cross,Radical Dreamers,Latios212
Chrono Cross,The Scars of Time,Maelstrom
Crash Bandicoot,Map,WiiMan96
Crash Team Racing,Menu,Th3Gavst3r
Final Fantasy IX,All Hail the New Queen,Th3Gavst3r
Final Fantasy IX,Boss Battle,WiiMan96
Final Fantasy IX,Esto Gaza,Renaud Bergeron
Final Fantasy IX,Kuja's Theme,Yugikun
Final Fantasy IX,Prelude,WiiMan96
Final Fantasy IX,Rose of May,SlimyWyvern
Final Fantasy IX,Unforgettable Silhouette,Brawler4Ever
Final Fantasy IX,You're Not Alone,Adrian Currier
Final Fantasy Tactics,Battle on the Bridge,Static
Final Fantasy VII,Birth of a God,Latios212
Final Fantasy VII,Buried in Snow,Renaud Bergeron
Final Fantasy VII,Cid's Theme,Commander6
Final Fantasy VII,Cosmo Canyon,Commander6
Final Fantasy VII,Costa del Sol,Code_Name_Geek
Final Fantasy VII,Don of the Slums,Renaud Bergeron
Final Fantasy VII,Fight On!,Commander6
Final Fantasy VII,Flowers Blooming in the Church,Brassman388
Final Fantasy VII,Full-Scale Attack,Commander6
Final Fantasy VII,Highwind Takes to the Skies,Thomas Wilson
Final Fantasy VII,J-E-N-O-V-A,Commander6
Final Fantasy VII,Jenova Absolute,Commander6
Final Fantasy VII,Let the Battles Begin!,Maelstrom
Final Fantasy VII,One-Winged Angel,Libera
Final Fantasy VII,Reunion,Renaud Bergeron
Final Fantasy VII,The Planet's Crisis,Whoppybones
Final Fantasy VII,Under the Rotting Pizza,Static
Final Fantasy VII,Victory Fanfare,The Deku Trombonist
Final Fantasy VII,Weapon Raid,Commander6
Final Fantasy VII,Words Drowned by Fireworks,Brawler4Ever
Final Fantasy VIII,Don't be Afraid,Libera
Final Fantasy VIII,FITHOS LUSEC WECOS VINOSEC,Libera
Final Fantasy VIII,Force Your Way,Libera
Final Fantasy VIII,Liberi Fatali (Children of Fate),Commander6
Final Fantasy VIII,Movin',Commander6
Final Fantasy VIII,Only a Plank Between One and Perdition,Justin Thomson
Final Fantasy VIII,Overture,Tranzlater
Final Fantasy VIII,The Castle,Commander6
Final Fantasy VIII,The Landing,Commander6
Final Fantasy VIII,The Legendary Beast,Commander6
Final Fantasy VIII,The Loser,Libera
Final Fantasy VIII,The Salt Flats,Static
Final Fantasy VIII,The Stage is Set,Commander6
iS: internal section,stage7  History repeats itself,Static
Legend of Mana,Cliff Town Gato,FierceDeity
Legend of Mana,Pastoral,FierceDeity
Legend of Mana,Places of Soul,FierceDeity
Mega Man X5,X vs. Zero,Renaud Bergeron
Mega Man X6,Metal Shark Player Stage,Commander6
Mega Man X6,Rainy Turtloid Stage,Commander6
Mega Man X6,Shieldner Sheldon Stage,Commander6
Metal Gear Solid,Enclosure,Brawler4Ever
Metal Gear Solid,Encounter,Maelstrom
R4: Ridge Racer Type 4,Quiet Curves,Static
Racing Lagoon,Base Point,Static
Resident Evil,Peace of Mind,Don Valentino
Resident Evil 2,Secure Place,Don Valentino
Spyro 2: Ripto's Rage!,Satyr's Song,WiiMan96
Spyro the Dragon,Magic Crafter's Home,WiiMan96
Suikoden II,Gothic Neclord,Maelstrom
Tekken,"King George Island, Antarctica",Fantastic Ike
Threads of Fate,Forest of Journeys Begun,Static
Vagrant Story,Abandoned Mines Level 2,Static
Wild Arms,Abbey,Tobbeh99
Wild Arms,Adlehyde Castle,Tobbeh99
Wild Arms,Courage (Dungeon),Tobbeh99
Wild Arms,Courage (Dungeon) (Four Hands),Tobbeh99
Wild Arms,Marsh Where the Migrant Birds Gather,Tobbeh99
Wild Arms,To the End of the Wilderness,Tobbeh99
Wild Arms,Wh-What? (Zed's Theme),Tobbeh99
Xenogears,A Gathering of Stars in the Night Sky,Static
Xenogears,Bonds of Sea and Flame,Libera
Xenogears,Crimson Knight,Static
Xenogears,Faraway Promise,Libera
Xenogears,October Mermaid,Libera
Xenogears,Our Wounded Bodies Shall Advance Towards the Light,Libera
Xenogears,Stage of Death,Static
Xenogears,The Blackmoon Forest,Libera
Xenogears,The One Who is Torn Apart,Libera
Xenogears,Unstealable Jewel,Libera
Xenogears,Where the Egg of Dreams Hatches,Libera
Ace Combat 5: The Unsung War,15 Years Ago,Libera
Ace Combat 5: The Unsung War,"A Blue Dove For The Princess ""Nagase's Theme""",Libera
Ace Combat 5: The Unsung War,Into the Dusk,Libera
Ape Escape 3,Mount Amazing 2,Static
Chulip,Smooch of Divine Protection - As Much As Possible,Nine Lives
Chulip,Strictness of the Chitama Middle School Teachers,Nine Lives
Dark Cloud,Matataki Village,The Deku Trombonist
Dark Cloud 2,Ancient Mural,mantis985
Dark Cloud 2,Balance Valley,mantis985
Dark Cloud 2,Fading Consciousness,mantis985
Dark Cloud 2,Fish On!,mantis985
Dark Cloud 2,Flying Warship Death Ark,mantis985
Dark Cloud 2,Halloween,mantis985
Dark Cloud 2,Kazarov Stonehenge,mantis985
Dark Cloud 2,Menu,mantis985
Dark Cloud 2,Neverending Adventure,mantis985
Dark Cloud 2,Palm Brinks,mantis985
Dark Cloud 2,Premonition,mantis985
Dark Cloud 2,Spiral of Dreams,mantis985
Dark Cloud 2,Stella Magic Temple,mantis985
Dark Cloud 2,The Dark Battle,mantis985
Dark Cloud 2,Underground Water Channel,mantis985
Dark Cloud 2,Zelmite Mine,mantis985
Devil May Cry 2,A Prayer for the Goddess (Divinity Statue),Zanza
Dragon Quest VIII: Journey of the Cursed King,Alchemy Pot,McDucky
Drakengard,Fourth Chapter - On the Ground,Libera
Drakengard,Game Over ~ Continue,Libera
Drakengard,Growing Wings,Maelstrom
Drakengard,Ninth Chapter - In the Sky 1,Libera
Drakengard,Seventh Chapter - In the Sky,Libera
Drakengard,Thirteenth Chapter - Closing,Libera
Drakengard,Twelfth Chapter - In the Sky,Libera
Final Fantasy X,A Fleeting Dream,Libera
Final Fantasy X,Auron's Theme,Libera
Final Fantasy X,Battle Theme,Libera
Final Fantasy X,Bravely Forward,Libera
Final Fantasy X,Calm Before the Storm,Libera
Final Fantasy X,Hymn (Variations),Libera
Final Fantasy X,Rikku's Theme,Libera
Final Fantasy X,To Zanarkand,WiiMan96
Final Fantasy X,Via Purifico,Renaud Bergeron
Final Fantasy X,Yuna's Theme,Libera
Final Fantasy XI,Battle Theme,Fantastic Ike
Final Fantasy XII,Game Over,Yugikun
Gungrave,Here comes the rain,Static
Ichigeki Sacchuu!! HoiHoi-san,Main Menu,Static
Ichigeki Sacchuu!! HoiHoi-san,"Missions 1-4, 2-5, & 3-2",Static
Katamari Damacy,Fugue #7777,Th3Gavst3r
Katamari Damacy,Overture,Th3Gavst3r
Kingdom Hearts,Dearly Beloved,Th3Gavst3r
Kingdom Hearts,Kairi I,Th3Gavst3r
Kingdom Hearts,Neverland Sky,HugoMeister
Kingdom Hearts,Once Upon a Time,Th3Gavst3r
Kingdom Hearts,This is Halloween,Jordan Knapp
Kingdom Hearts,Treasured Memories,Th3Gavst3r
Kingdom Hearts II,Friends in My Heart,Pianist Da Sootopolis
Kingdom Hearts II,"Old Friends, Old Rivals",HugoMeister
Kingdom Hearts II,Organization XIII,HungryDragon
Kingdom Hearts II,Sinister Sundown,Pianist Da Sootopolis
Kino no Tabi -the Beautiful World-,The World is Shining,Static
Metal Gear Solid 2: Sons of Liberty,Main Theme,razer84
Monster Hunter,BBQ Spit,Th3Gavst3r
Ōkami,Issun's Theme,AwesomeYears
Persona 3,Aria of the Soul,Samusthedude
Persona 3,The Voice Someone Calls,Samusthedude
Persona 3 FES,Brand New Days - The Beginning,SlimyWyvern
Persona 4,Corridor,Samusthedude
Persona 4,Game,Code_Name_Geek
Persona 4,Traumerei,Samusthedude
Shadow of the Colossus,A Closed-off City,Ryan McGaughey
Shadow of the Colossus,Counterattack,Ryan McGaughey
Shadow of the Colossus,Green Hills,Ryan McGaughey
Shadow of the Colossus,Lakeside,Ryan McGaughey
Shadow of the Colossus,Memories,Zunawe
Shadow of the Colossus,Prayer,Zunawe
Shin Megami Tensei III: Nocturne,Metatron,Static
Silent Hill 2,Promise,Static
Silent Hill 2,UFO Ending,Nine Lives
Silent Hill 3,"Never Forgive Me, Never Forget Me",LeviR.star
SoulCalibur III,Forsaken Sanctuary,Libera
SoulCalibur III,Healing Winds,Ruto
SoulCalibur III,Peaceful Days,Ruto
Star Ocean: Till the End of Time,Rust Color,FireArrow
Tales of the Abyss,abyss,thatoneguy
Tales of the Abyss,Confrontation,Sipan1234
Tales of the Abyss,Nature's Dungeon,thatoneguy
Tales of the Abyss,Resting Theme,thatoneguy
Tales of the Abyss,Wyon Mirrored Cave,thatoneguy
We Love Katamari,DAN DON FUGA (Canon of Kings),Purple1222119
Wild Arms 3,A Person's Warmth,Tobbeh99
Wild Arms 3,Migratory Birds - Wandering Bird-Scoundrels,Tobbeh99
Wild Arms Alter Code: F,Introduction,Tobbeh99
Xenosaga Episode I: Der Wille zur Macht,U.M.N.MODE,Static
Xenosaga Episode III: Also sprach Zarathustra,Fifth Jerusalem,Static
Demon's Souls,Old King Allant,Static
Drakengard 3,Aethervox,Libera
Drakengard 3,Censorial Sonata,Libera
Drakengard 3,Descendeus,Libera
Gran Turismo 5,spin your own wheels,Static
Bloodborne,Cleric Beast,Renaud Bergeron
Marvel's Spider-Man,Anything for a Story,Fantastic Ike
Ratchet & Clank: Rift Apart,Ode to Nefarious,Fantastic Ike
Crisis Core: Final Fantasy VII,Burden of Truth,Thomas Wilson
Danganronpa: Trigger Happy Havoc,Closing Argument (Climax Reasoning),Static
Innocent Life: A Futuristic Harvest Moon,Easter Ruins,Code_Name_Geek
Mega Man Maverick Hunter X,Zero's Sacrifice,The Deku Trombonist
Metal Gear Solid: Portable Ops,Calling to the Night,WiiMan96
Monster Hunter Freedom 2,Pokke Village,Latios212
Monster Hunter Portable 3rd,Violent Flash of Blue Light / Zinogre,Th3Gavst3r
Digimon Story: Cyber Sleuth,Spiritual Boy,Samusthedude
Muramasa Rebirth,Shigematsu Shinzaemon,Static
Halo 2,The Last Spartan,Fantastic Ike
Halo 2,Unforgotten,Sebastian
Halo: Combat Evolved,Halo,Cashwarrior1
Halo: Combat Evolved,On a Pale Horse,Cashwarrior1
Star Wars: Knights of the Old Republic,The Unknown World,Fantastic Ike
Banjo-Kazooie: Nuts & Bolts,Banjoland (Challenge),Clanker37
Banjo-Kazooie: Nuts & Bolts,Logbox Lunacy,ALPRAS
Banjo-Kazooie: Nuts & Bolts,Showdown Town,ALPRAS
Halo 3,Never Forget,Th3Gavst3r
Halo 3: ODST,The Light at the End: Another Rain,Zunawe
Halo: Reach,Ashes,JustNoble
Lost Odyssey,The Witch's Mansion,KefkaticFanatic
Steins;Gate,Gate of Steiner - Piano,Maelstrom
Tales of Vesperia,Evening Requiem,thatoneguy
Illbleed,The Park,Static
Skies of Arcadia,Dungeon of Searing Heat,Static
Sonic Adventure,Windy Hill,Sebastian
Sonic Adventure 2,Cannon's Core Part 3,PianoMan
Sonic Adventure 2,E.G.G.M.A.N.,PianoMan
Sonic Adventure 2,In the Groove,PianoMan
Sonic Adventure 2,Metal Harbor,PianoMan
Sonic Adventure 2,Pumpkin Hill,PianoMan
Sonic Adventure 2,Riff A,PianoMan
Sonic the Hedgehog CD,Stardust Speedway Bad Future (JP),LeviR.star
Alex Kidd in the Enchanted Castle,Castle,Sebastian
Castlevania: Bloodlines,Reincarnated Soul,LeviR.star
Earthworm Jim,Buttville,Yug Guy
Golden Axe II,The Castle,PseudoMario16
Shining Force,Hikari no Gunzei (World Map 1),Nine Lives
Shining Force,Simone's Theme,The-Real-Link
Sonic & Knuckles,Act 1 Boss,Yug Guy
Sonic & Knuckles,Lava Reef Zone Act 1,Yug Guy
Sonic & Knuckles,Sandopolis Zone Act 1,Yug Guy
Sonic & Knuckles,The Doomsday Zone,Crafty_Potatoes
Sonic the Hedgehog,Final Zone (Two Pianos),Crealis
Sonic the Hedgehog,Green Hill Zone,PianoMan
Sonic the Hedgehog,Invincibility Theme,FierceDeity
Sonic the Hedgehog,Labyrinth Zone,Yug Guy
Sonic the Hedgehog,Scrap Brain Zone,Yug Guy
Sonic the Hedgehog,Special Stage,Yug Guy
Sonic the Hedgehog,Spring Yard Zone,Yug Guy
Sonic the Hedgehog,Star Light Zone,Yug Guy
Sonic the Hedgehog 2,Aquatic Ruin Zone,Cashwarrior1
Sonic the Hedgehog 2,Boss Theme,Commander6
Sonic the Hedgehog 2,Casino Night Zone,E. Gadd Industries
Sonic the Hedgehog 2,Chemical Plant Zone,Sekter77
Sonic the Hedgehog 2,Death Egg Zone,Commander6
Sonic the Hedgehog 2,Emerald Hill Zone,Commander6
Sonic the Hedgehog 2,Final Boss,Sebastian
Sonic the Hedgehog 2,Hill Top Zone,Commander6
Sonic the Hedgehog 2,Metropolis Zone,Commander6
Sonic the Hedgehog 2,Mystic Cave Zone,Th3Gavst3r
Sonic the Hedgehog 2,Mystic Cave Zone (2 Player),Yug Guy
Sonic the Hedgehog 2,Oil Ocean Zone,Yug Guy
Sonic the Hedgehog 2,Sky Chase Zone,Commander6
Sonic the Hedgehog 2,Wing Fortress Zone,Sebastian
Sonic the Hedgehog 3,Boss Battle,Commander6
Sonic the Hedgehog 3,Endless Mine,Yug Guy
Sonic the Hedgehog 3,File Select,Nine Lives
Sonic the Hedgehog 3,Hydrocity Zone Act 1,Cashwarrior1
Sonic the Hedgehog 3,Hydrocity Zone Act 2,Cashwarrior1
Sonic the Hedgehog 3,Ice Cap Zone Act 1,Cashwarrior1
Sonic the Hedgehog Spinball,Toxic Caves,LeviR.star
ToeJam & Earl,Big Earl Bump,Nine Lives
ToeJam & Earl,ToeJam Jammin',Nine Lives
Wonder Boy III: The Dragon's Trap,The Monster's Lair,LeviR.star
Devil Summoner: Soul Hackers,2D Field,Static
Sakura Wars,Declaration! Imperial Floral Assault Group,Static
Battle Garegga,Fly to the Leaden Sky,Libera
Battle Garegga,Stab and Stomp!,Libera
Bubble Bobble,Itsuwari No Ending,FugalOmen
Bubble Bobble,Sin No Endeling,FugalOmen
Bubble Bobble,Start Demo - Main Theme,Yug Guy
Contra,Boss Theme,Thomas Wilson
Contra,End Theme,Thomas Wilson
Contra,Game Over,Thomas Wilson
Contra,Opening Theme,Thomas Wilson
Contra,Stage 1/7 - Jungle/Hangar,Thomas Wilson
Contra,Stage 2/4 - Base,Thomas Wilson
Contra,Stage 3 - Waterfall,Thomas Wilson
Contra,Stage 5 - Snowfield,Thomas Wilson
Contra,Stage 6 - Energy Zone,Thomas Wilson
Contra,Stage 8 - Alien's Lair,Thomas Wilson
Contra,Stage Completion,Thomas Wilson
Dance Dance Revolution: Supernova,Flowers,Mr. Unibrow
Dance Dance Revolution: Supernova,Honey Punch,Mr. Unibrow
Dance Dance Revolution: Supernova 2,"Every Day, Every Night (NM Style)",Mr. Unibrow
Dance Dance Revolution: Supernova 2,Poseidon,Mr. Unibrow
Dig Dug,Music from Dig Dug,LeviR.star
Donkey Kong,Music from Donkey Kong,LeviR.star
Donkey Kong 3,Music from Donkey Kong 3,Nine Lives
Donkey Kong Jr.,Music from Donkey Kong Jr.,LeviR.star
Galaga,Music from Galaga,LeviR.star
Haunted Castle,Basement Melodies,LeviR.star
Haunted Castle,Can't Wait Until Night,LeviR.star
Haunted Castle,Cross Your Heart,LeviR.star
Haunted Castle,Devil's Resurrection,LeviR.star
Haunted Castle,Dracula's Room,LeviR.star
Haunted Castle,Miscellaneous Short Themes,LeviR.star
Ikaruga,Ideal,Renaud Bergeron
Mamorukun Curse!,Bless you! boy (Prologue 1),Th3Gavst3r
Mamorukun Curse!,YO-KAI Disco (Hell's Entrance World),Maelstrom
Mappy,Main Theme,LeviR.star
Marble Madness,Beginner Race,PetrifiedLasagna
Marble Madness,Intermediate Race,Joeberryosponge
Mario Bros.,Music from Mario Bros.,LeviR.star
Metro-Cross,Main Theme,LeviR.star
Ms. Pac-Man,Ms. Pac-Man Medley,Nana1Popo2
Mushihimesama,Requiem of the Sky,Libera
Mushihimesama,To Shinju Forest - Stage1,Static
New Rally-X,Music from New Rally-X,Jegilmer
Pac-Man,Start & Coffee Break Music,Static
Popeye,Music from Popeye,LeviR.star
Puyo Puyo,Theme of Puyo Puyo,LeviR.star
Radar Scope,Music from Radar Scope,LeviR.star
Radiant Silvergun,RETURN,Libera
Radiant Silvergun,Space Battle Ship 130 33KI,Libera
Radiant Silvergun,THE STONE-LIKE,Libera
SoulCalibur,Going to Where the Wind Blows,Delldongo
SoulCalibur II,"Brave Sword, Braver Soul",Renaud Bergeron
SoulCalibur II,Character Select,Fesniday
SoulCalibur II,Hubris,Renaud Bergeron
SoulCalibur II,Hubris (Reprise),Renaud Bergeron
Splatterhouse,Ending,LeviR.star
Street Fighter,Continue,Fantastic Ike
Street Fighter Alpha: Warriors' Dreams,Charlie Stage,Fantastic Ike
Street Fighter II: The World Warrior,Guile's Theme,Renaud Bergeron
Street Fighter II: The World Warrior,Guile's Theme (Heavy Damage),Renaud Bergeron
Street Fighter II: The World Warrior,Ryu's Theme,Fantastic Ike
Street Fighter III: 3rd Strike: Fight for the Future,Alex & Ken Stage ~ Jazzy NYC '99,Static
Street Fighter IV,Snowy Rail Yard Stage - Russia,Fantastic Ike
Super Street Fighter II: The New Challengers,Dee Jay Stage,Fantastic Ike
Tekken 2,Character Select,WiiMan96
Under Night In-Birth,Gathers Under Night,Renaud Bergeron
Under Night In-Birth,Night Walker,Static
Vs. Ice Climber,Bonus Stage,LeviR.star
Wonder Boy,Overworld,WiiMan96
Wonder Boy: Monster Land,Dragon's Castle,LeviR.star
Xevious,Intro & Gameplay Music,Jegilmer
Pizza Chef,Main Theme,Jacopo Tore
Gyruss,Main Theme,Jacopo Tore
Galaga,Game Start,Jacopo Tore
Wolfenstein 3D,Tiptoeing Around,Jacopo Tore
Batman Returns,Title Music,Fantastic Ike
Chip's Challenge,Title Screen,Jacopo Tore
Among Us,Dead Body Reported,Kricketune54
Among Us,Main Theme,mastersuperfan
Angry Birds,Main Theme,Ryan McGaughey
Azarashi iOS,Main Theme,Olimar12345
Azarashi iOS,Miscellaneous Jingles,Olimar12345
Dandy Dungeon,Tower Song,Nine Lives
Eden - World Builder,Main Menu,E. Gadd Industries
Fairune,Administrator's Tower,Cashwarrior1
Fairune,Lava,Cashwarrior1
Fire Emblem Heroes,Breeze of Askr,Libera
Fire Emblem Heroes,Climb the Sky,Code_Name_Geek
Fire Emblem Heroes,Gear Up For...,Latios212
Fire Emblem Heroes,Serious 6,Libera
Fire Emblem Heroes,Serious 6b,Libera
Neko Atsume: Kitty Collector,Theme of Neko Atsume,Static
NieR Re[in]carnation,Breathe,Libera
NieR Re[in]carnation,Homesick,Libera
Oceanhorn: Monster of Uncharted Seas,Home Island (Menu),Lkjhgfdsa_77
Pokémon GO,Battle! (Wild Pokémon),JDMEK5
Pokémon GO,Main Theme,JDMEK5
Pokémon GO,Walking (Map Theme),Tobbeh99
Pokémon Masters EX,"Battle! (Lance, Steven, and Cynthia)",Zeila
AI: The Somnium Files,Arcane Incantation,mastersuperfan
AI: The Somnium Files,Invincible Rainbow Arrow,mastersuperfan
AI: The Somnium Files,PSYNCIN' IN THE CAPTaiN,mastersuperfan
Assassin's Creed II,Ezio's Family,JDMEK5
Assassin's Creed Rogue,Agnus Dei,JDMEK5
Atelier Ryza: Ever Darkness & the Secret Hideout,Ordinary Days,Sayshi
Bad Piggies,Main Theme,LeviR.star
Bayonetta,First Love,Don Valentino
Bionic Commando,Piano Theme,Alpacatron
Bloodstained: Ritual of the Night,Theme of Bloodstained (Piano),Atcero
Call of Duty: Black Ops,Damned,Static
Castlevania: Curse of Darkness,Eneomaos Machine Tower,Atcero
Celeste,Celestial Resort (Good Karma Mix) (Two Pianos),Greg
Celeste,Exhale,PlayfulPiano
Celeste,First Steps,PlayfulPiano
Celeste,Little Goth,AcceptedSugar
Celeste,Quiet and Falling,PlayfulPiano
Celeste,Resurrections,PlayfulPiano
Celeste,Spirit of Hospitality,Greybird
Celeste,wavedash.ppt,mastersuperfan
Celeste: Farewell,Futility + Reconciliation,gu
Chicory: A Colorful Tale,Teatime Meadows,Rubikium
Cuphead,Don't Deal With The Devil (Instrumental),Th3Gavst3r
Danganronpa V3: Killing Harmony,Beautiful Lie in the Virtual World,Static
Dark Souls,Dark Sun Gwyndolin,Libera
Dark Souls,Great Grey Wolf Sif,Libera
Dark Souls,"Gwyn, Lord of Cinder (Two Pianos)",Zunawe
Dark Souls II,"Aldia, Scholar of the First Sin",Libera
Dark Souls II,Majula,Libera
Dark Souls II,Remains,Libera
Destiny 2,Guardian's Sacrifice,Fantastic Ike
Doki Doki Literature Club Plus!,Candy Hearts,Latios212
Doki Doki Literature Club Plus!,Dusk,Latios212
Doki Doki Literature Club Plus!,Lavender Mist,Latios212
Doki Doki Literature Club Plus!,"My Song, Your Note",mastersuperfan
Doki Doki Literature Club Plus!,Piece by Piece,Latios212
Elden Ring,Lord's Apparition,Libera
Fallout: New Vegas,Begin Again,Pianist Da Sootopolis
Final Fantasy XIII,FINAL FANTASY XIII - The Promise,Libera
Final Fantasy XIII,Lightning's Theme,Libera
Final Fantasy XIII,Saber's Edge,Renaud Bergeron
Final Fantasy XIII,Vanille's Theme,The Deku Trombonist
Final Fantasy XIV: A Realm Reborn,Torn from the Heavens,Th3Gavst3r
Final Fantasy XIV: Shadowbringers,What Angel Wakes Me,Static
Final Fantasy XV,End of the Road,Renaud Bergeron
Fortnite,Dance Moves,BrainyLucario
Furi,A picture in motion,Maelstrom
Genshin Impact,"For Riddles, for Wonders",Latios212
Genshin Impact,Fragile Fantasy,Latios212
Genshin Impact,Lustrous Stars,Latios212
Genshin Impact,Once-Colored Memories,BratscheCube
Genshin Impact,Pure Sky,Kaphita
Hades,Death and I,Fantastic Ike
Hades,Out of Tartarus,Fantastic Ike
killer7,Where Angels Play,Static
Marvel vs. Capcom 3: Fate of Two Worlds,Theme of She-Hulk,Fantastic Ike
Mega Man 10,Absolute Chill (Chill Man Stage),LeviR.star
Mega Man 10,Fireball Strike (Strike Man Stage),WaluigiTime64
Mega Man 10,Nitro Rider (Nitro Man Stage),WaluigiTime64
Mega Man 10,Title,Don Valentino
Mega Man 8,Astro Man Stage,LeviR.star
Mega Man 8,Stage Select,Matiasgarcia
Mega Man 9,Flash in the Dark (Wily Stage 1),LeviR.star
Mega Man 9,Hornet Dance (Hornet Man Stage),Yugikun
Mega Man 9,Jewel Temptation (Jewel Man Stage),Yugikun
Mega Man 9,Title,WiiMan96
Mega Man 9,Wily Machine,Don Valentino
Mega Man X4,Storm Owl,Awasai
Millie's Math House,Main Theme,Jacopo Tore
Minecraft Dungeons,Halland,Zeila
Monster Hunter: World,Autumn Festival,Th3Gavst3r
Monster Hunter: World,Meowscular Chef's Custom Platter,Th3Gavst3r
Naruto Shippuden: Ultimate Ninja Storm 2,The Calm Before the Storm,Zeila
NieR,Halua,Libera
NieR,Kaine Salvation,Maelstrom
NieR,Snow in Summer,Libera
NieR,Song of the Ancients (Devola),Maelstrom
NieR,The Dark Colossus Destroys All,Libera
NieR,Yonah (Piano Ver.),Libera
NieR: Automata,Amusement Park,Maelstrom
NieR: Automata,Birth of a Wish,Maelstrom
NieR: Automata,Faltering Prayer (Starry Sky),Libera
NieR: Automata,Fortress of Lies,Libera
NieR: Automata,Pascal,Maelstrom
NieR: Automata,Vague Hope (Cold Rain),Libera
Night in the Woods,Gregg's Woods,BrainyLucario
Night in the Woods,MaeBea,BrainyLucario
Night in the Woods,Shapes,BrainyLucario
One Piece: Pirate Warriors 2,Overpower,Fantastic Ike
Outer Wilds,Castaways,Zunawe
Outer Wilds,Morning,Zunawe
Pac-Man World 2,Main Theme,WiiMan96
Pac-Man World 2,Menu,WiiMan96
Persona 5,Big Bang Burger March,Code_Name_Geek
Persona 5,Layer Cake,Code_Name_Geek
Persona 5,Our Beginning,Code_Name_Geek
Persona 5,Star Forneus,Code_Name_Geek
Persona 5,"Welcome Home, Master!",Code_Name_Geek
Pokémon Mystery Dungeon: Red Rescue Team & Pokémon Mystery Dungeon: Blue Rescue Team,Escape Through the Snow / Snow Refugees,Bespinben
Pokémon Mystery Dungeon: Red Rescue Team & Pokémon Mystery Dungeon: Blue Rescue Team,File Select,Bespinben
Pokémon Mystery Dungeon: Red Rescue Team & Pokémon Mystery Dungeon: Blue Rescue Team,Friend Area - Swamp,Bespinben
Pokémon Mystery Dungeon: Red Rescue Team & Pokémon Mystery Dungeon: Blue Rescue Team,Great Canyon,Bespinben
Pokémon Mystery Dungeon: Red Rescue Team & Pokémon Mystery Dungeon: Blue Rescue Team,Great Canyon (Two Pianos),Bespinben
Pokémon Mystery Dungeon: Red Rescue Team & Pokémon Mystery Dungeon: Blue Rescue Team,Intro / Title Screen,Bespinben
Pokémon Mystery Dungeon: Red Rescue Team & Pokémon Mystery Dungeon: Blue Rescue Team,Monster House,Bespinben
Pokémon Mystery Dungeon: Red Rescue Team & Pokémon Mystery Dungeon: Blue Rescue Team,Parting,Bespinben
Pokémon Mystery Dungeon: Red Rescue Team & Pokémon Mystery Dungeon: Blue Rescue Team,Questionnaire,Bespinben
Pokémon Mystery Dungeon: Red Rescue Team & Pokémon Mystery Dungeon: Blue Rescue Team,Rescue Team Base,Bespinben
Pokémon Mystery Dungeon: Red Rescue Team & Pokémon Mystery Dungeon: Blue Rescue Team,Sinister Woods,Latios212
Pokémon Mystery Dungeon: Red Rescue Team & Pokémon Mystery Dungeon: Blue Rescue Team,Sky Tower,Bespinben
Pokémon Mystery Dungeon: Red Rescue Team & Pokémon Mystery Dungeon: Blue Rescue Team,Sky Tower (Two Pianos),Bespinben
Pokémon Mystery Dungeon: Red Rescue Team & Pokémon Mystery Dungeon: Blue Rescue Team,Tiny Woods,Bespinben
Pokémon Mystery Dungeon: Red Rescue Team & Pokémon Mystery Dungeon: Blue Rescue Team,World Calamity,Bespinben
Portal,Still Alive,Tangy
Portal 2,Cara Mia,Brassman388
Portal 2,Turret Wife Serenade,Purple1222119
Portal 2,Want You Gone,Tangy
Rayman,Band Land 4,Olimar12345
Rayman,Candy Chateau 1,Olimar12345
Resident Evil 5,Rust in summer 2008,Static
Sekiro: Shadows Die Twice,Divine Dragon,Libera
Shantae and the Pirate's Curse,Bran-Son,BrainyLucario
Shantae and the Pirate's Curse,You Found an Item!,BrainyLucario
Shovel Knight,Strike the Earth! (Plains of Passage),Joel Hands-Otte
Shovel Knight,The Schemer (Tinker Knight Battle),Dekkadeci
Shovel Knight,The Starlit Wilds (Campfire Scene) (Two Pianos),Yugikun
Shovel Knight,Waltz of the Troupple King,Don Valentino
Shovel Knight: Plague of Shadows,Le Bouquet Magique,Zeila
Shovel Knight: Plague of Shadows,Tango of the Troupple King,Zeila
Shovel Knight: Plague of Shadows,The Final Note,Zeila
Skullgirls Encore,Fugue in Three Goddesses,FireArrow
Skullgirls Encore,The Legend of the Skull Heart,Olimar12345
Skullgirls Encore,The Lives We Left Behind,Olimar12345
Skylanders: Giants,Skystones,Tobbeh99
Skylanders: SuperChargers,Main Theme,Tobbeh99
Metal Slug 2,LIVIN' ON THE DECK (Stage 3-1),Static
The King of Fighters '96,Stormy Saxophone 2 (Yagami Team Theme),Static
Sonic Chaos,Turquoise Hill Zone,LeviR.star
Sonic the Hedgehog (Game Gear/Master System),Bridge Zone,LeviR.star
Sonic Unleashed,Windmill Isle (Day) (Two Pianos),WiiMan96
Soul Hackers 2,Shinsando,Static
Star Wars Battlefront (2015),Nien Nunb Theme,Fantastic Ike
Star Wars: Bounty Hunter,Main Theme,Kricketune54
Steins;Gate 0,Messenger -piano-,Zeila
Super Smash Bros. for Nintendo 3DS and Wii U,Classic: Final Results,K-NiGhT
Super Smash Bros. for Nintendo 3DS and Wii U,Famicom Medley,Yug Guy
Super Smash Bros. for Nintendo 3DS and Wii U,Magicant/Eight Melodies,Nebbles
Super Smash Bros. for Nintendo 3DS and Wii U,Namco Arcade '80s Retro Medley 1,Yug Guy
Super Smash Bros. for Nintendo 3DS and Wii U,Rainbow Road Series Medley,Clanker37
Super Smash Bros. for Nintendo 3DS and Wii U,Running/Countdown,Maelstrom
Tadpole Treble,Rest,Cashwarrior1
The Binding of Isaac: Rebirth,Genesis 22:10 (Title),Bloop
The Elder Scrolls IV: Oblivion,Title Screen,Thomas Wilson
The Elder Scrolls V: Skyrim,Dragonborn Theme,Meloetta
The Legend of Heroes: Trails of Cold Steel,Heartbreak,SlimyWyvern
The Legend of Heroes: Trails of Cold Steel,Wholehearted Feelings,SlimyWyvern
The Legend of Heroes: Trails of Cold Steel II,To the Irreplaceable People,SlimyWyvern
The Legend of Zelda: Breath of the Wild,Battle (Field),Static
The Legend of Zelda: Breath of the Wild,Cave,Static
The Legend of Zelda: Breath of the Wild,Credits (Staff Roll),Olimar12345
The Legend of Zelda: Breath of the Wild,Daruk's Theme,Olimar12345
The Legend of Zelda: Breath of the Wild,Divine Beast Vah Medoh (Dungeon),Bloop
The Legend of Zelda: Breath of the Wild,Divine Beast Vah Naboris (Dungeon),Bloop
The Legend of Zelda: Breath of the Wild,Divine Beast Vah Rudania (Dungeon),Bloop
The Legend of Zelda: Breath of the Wild,Divine Beast Vah Ruta (Dungeon),Bloop
The Legend of Zelda: Breath of the Wild,Epilogue,Olimar12345
The Legend of Zelda: Breath of the Wild,Field (Day),Latios212
The Legend of Zelda: Breath of the Wild,Field (Night),Sidon327
The Legend of Zelda: Breath of the Wild,Flight Range,Sidon327
The Legend of Zelda: Breath of the Wild,Gerudo Town (Day),Olimar12345
The Legend of Zelda: Breath of the Wild,Goron City (Day),Olimar12345
The Legend of Zelda: Breath of the Wild,Goron City (Night),Olimar12345
The Legend of Zelda: Breath of the Wild,Great Fairy Fountain,Latios212
The Legend of Zelda: Breath of the Wild,Guardian Battle,Olimar12345
The Legend of Zelda: Breath of the Wild,Hateno Village (Day),Nacho2420
The Legend of Zelda: Breath of the Wild,Highlands,Sidon327
The Legend of Zelda: Breath of the Wild,Hinox Battle,Olimar12345
The Legend of Zelda: Breath of the Wild,Hudson Moves Out,Latios212
The Legend of Zelda: Breath of the Wild,Hyrule Castle (Inside),Olimar12345
The Legend of Zelda: Breath of the Wild,Hyrule Castle (Outside),Olimar12345
The Legend of Zelda: Breath of the Wild,Hyrule Castle Town Ruins,Sidon327
The Legend of Zelda: Breath of the Wild,Kakariko Village (Day),Bloop
The Legend of Zelda: Breath of the Wild,Kara Kara Bazaar,Bloop
The Legend of Zelda: Breath of the Wild,Kass's Theme,Latios212
The Legend of Zelda: Breath of the Wild,Kass's Theme (Full),Latios212
The Legend of Zelda: Breath of the Wild,Korok Forest (Day),Pianoth Eakòs Shaveck
The Legend of Zelda: Breath of the Wild,Korok Forest (Night),Pianoth Eakòs Shaveck
The Legend of Zelda: Breath of the Wild,Link's Memories,Nacho2420
The Legend of Zelda: Breath of the Wild,"Link's Memories: ""Resolve & Grief""",gu
The Legend of Zelda: Breath of the Wild,"Link's Memories: ""Silent Princess""",Zeila
The Legend of Zelda: Breath of the Wild,"Link's Memories: ""Zelda's Awakening""",Zeila
The Legend of Zelda: Breath of the Wild,Lodge,Sidon327
The Legend of Zelda: Breath of the Wild,Lost Woods,Olimar12345
The Legend of Zelda: Breath of the Wild,Lurelin Village (Day),Latios212
The Legend of Zelda: Breath of the Wild,Main Theme,Pianoth Eakòs Shaveck
The Legend of Zelda: Breath of the Wild,Mipha's Theme,Latios212
The Legend of Zelda: Breath of the Wild,Miscellaneous Short Themes,Th3Gavst3r
The Legend of Zelda: Breath of the Wild,Molduga Battle,Postoli
The Legend of Zelda: Breath of the Wild,Parasailing Minigame,Pianoth Eakòs Shaveck
The Legend of Zelda: Breath of the Wild,Prince Sidon,Maelstrom
The Legend of Zelda: Breath of the Wild,Race Start,Th3Gavst3r
The Legend of Zelda: Breath of the Wild,Revali's Theme,Latios212
The Legend of Zelda: Breath of the Wild,Riding (Day),Olimar12345
The Legend of Zelda: Breath of the Wild,Rito Sisters,Latios212
The Legend of Zelda: Breath of the Wild,Rito Village (Day),Nacho2420
The Legend of Zelda: Breath of the Wild,Rito Village (Night),Latios212
The Legend of Zelda: Breath of the Wild,Ruins,Sidon327
The Legend of Zelda: Breath of the Wild,Servant of the Sacred Spring,Th3Gavst3r
The Legend of Zelda: Breath of the Wild,Sheikah Tower,Th3Gavst3r
The Legend of Zelda: Breath of the Wild,Sheikah Tower Activated,gu
The Legend of Zelda: Breath of the Wild,Shrine,Sidon327
The Legend of Zelda: Breath of the Wild,Snow Bowling Minigame,Latios212
The Legend of Zelda: Breath of the Wild,Spirit Orb Obtained,Pianoth Eakòs Shaveck
The Legend of Zelda: Breath of the Wild,Spirit Orb Obtained (Four Hands),Pianoth Eakòs Shaveck
The Legend of Zelda: Breath of the Wild,Stables,Olimar12345
The Legend of Zelda: Breath of the Wild,Talus Battle,Olimar12345
The Legend of Zelda: Breath of the Wild,Tarrey Town,Latios212
The Legend of Zelda: Breath of the Wild,Tarrey Town (Gerudo),Latios212
The Legend of Zelda: Breath of the Wild,Tarrey Town (Goron),Latios212
The Legend of Zelda: Breath of the Wild,Tarrey Town (Rito),Latios212
The Legend of Zelda: Breath of the Wild,Teba's Theme,Latios212
The Legend of Zelda: Breath of the Wild,Temple of Time,Nacho2420
The Legend of Zelda: Breath of the Wild,The King of Hyrule's Wish,Zeila
The Legend of Zelda: Breath of the Wild,The Last King of Hyrule,Th3Gavst3r
The Legend of Zelda: Breath of the Wild,Urbosa and the Divine Beast,gu
The Legend of Zelda: Breath of the Wild,Urbosa's Theme,Zeila
The Legend of Zelda: Breath of the Wild,Visions,Postoli
The Legend of Zelda: Breath of the Wild,Waterblight Ganon,Pianoth Eakòs Shaveck
The Legend of Zelda: Breath of the Wild,Zelda's Wish,Latios212
The Legend of Zelda: Breath of the Wild,Zora's Domain (Day),Nacho2420
The Legend of Zelda: Breath of the Wild,Zora's Domain (Night),Zeila
The Legend of Zelda: Twilight Princess,Agitha's Castle,Onionleaf
The Legend of Zelda: Twilight Princess,Armogohma Battle (First Half),Bloop
The Legend of Zelda: Twilight Princess,Battle (Second Half),Latios212
The Legend of Zelda: Twilight Princess,Blizzeta Battle (First Half),Bloop
The Legend of Zelda: Twilight Princess,Blizzeta Battle (Second Half),Bloop
The Legend of Zelda: Twilight Princess,Boss Defeated,G-Han
The Legend of Zelda: Twilight Princess,Cargo Game,Whoppybones
The Legend of Zelda: Twilight Princess,Darknut,spitllama
The Legend of Zelda: Twilight Princess,Death Mountain,Latios212
The Legend of Zelda: Twilight Princess,Disc Channel Preview Screen,The Deku Trombonist
The Legend of Zelda: Twilight Princess,End Credits,Tobbeh99
The Legend of Zelda: Twilight Princess,Enter the Twilight Realm,The Deku Trombonist
The Legend of Zelda: Twilight Princess,Falbi's House,Whoppybones
The Legend of Zelda: Twilight Princess,Faron Woods,Thomas O'Day
The Legend of Zelda: Twilight Princess,Fishing Hole,WiiMan96
The Legend of Zelda: Twilight Princess,Herd Game,Lkjhgfdsa_77
The Legend of Zelda: Twilight Princess,Hidden Village,Latios212
The Legend of Zelda: Twilight Princess,Horse Battle,The Deku Trombonist
The Legend of Zelda: Twilight Princess,Hyrule Castle,Phillip Boyle
The Legend of Zelda: Twilight Princess,Hyrule Castle Third Floor,evilsqueaky
The Legend of Zelda: Twilight Princess,Hyrule Castle Town,Bloop
The Legend of Zelda: Twilight Princess,Hyrule Field,The Deku Trombonist
The Legend of Zelda: Twilight Princess,Hyrule Field At Night,The Deku Trombonist
The Legend of Zelda: Twilight Princess,Ilia's Theme,Latios212
The Legend of Zelda: Twilight Princess,Impaz,Waann
The Legend of Zelda: Twilight Princess,Kakariko Village,Bloop
The Legend of Zelda: Twilight Princess,Kakariko Village is Saved,Adrian Currier
The Legend of Zelda: Twilight Princess,Lake Hylia,The Deku Trombonist
The Legend of Zelda: Twilight Princess,Link and Midna Find Zelda,Saria
The Legend of Zelda: Twilight Princess,Meet Ilia,Latios212
The Legend of Zelda: Twilight Princess,Midna's Lament,Erich
The Legend of Zelda: Twilight Princess,Midna's Theme,The Deku Trombonist
The Legend of Zelda: Twilight Princess,Morpheel Battle (First Half),Bloop
The Legend of Zelda: Twilight Princess,Morpheel Battle (Second Half),Bloop
The Legend of Zelda: Twilight Princess,Ooccoo's Theme,Bloop
The Legend of Zelda: Twilight Princess,Opening,Lkjhgfdsa_77
The Legend of Zelda: Twilight Princess,Orchestra Piece #1,Latios212
The Legend of Zelda: Twilight Princess,Orchestra Piece #2,Zeila
The Legend of Zelda: Twilight Princess,Ordon Ranch,Latios212
The Legend of Zelda: Twilight Princess,Ordon Village,Dudeman
The Legend of Zelda: Twilight Princess,Postman's Theme,Latios212
The Legend of Zelda: Twilight Princess,Rutela's Theme,G-Han
The Legend of Zelda: Twilight Princess,Sacred Grove,The Deku Trombonist
The Legend of Zelda: Twilight Princess,Sanctuary,Latios212
The Legend of Zelda: Twilight Princess,Snowpeak Ruins,Bloop
The Legend of Zelda: Twilight Princess,STAR Game,Latios212
The Legend of Zelda: Twilight Princess,STAR Game Room,GreekGeek
The Legend of Zelda: Twilight Princess,Temple of Time (Dungeon),Bloop
The Legend of Zelda: Twilight Princess,The Spirits of Light,Don Valentino
The Legend of Zelda: Twilight Princess,Title Screen,Latios212
The Legend of Zelda: Twilight Princess,Transfer of Powers,Beethoven II
The Legend of Zelda: Twilight Princess,Twilight,Bloop
The Legend of Zelda: Twilight Princess,Twilight Realm,Renaud Bergeron
The Legend of Zelda: Twilight Princess,Victory,G-Han
The Legend of Zelda: Twilight Princess,Zant Battle,Bloop
The Sims 3,The Sims Theme,Bloop
Tintin in Tibet,The Train,Qew
Titan Souls,Forest Songs,gu
Trivia Murder Party,List of the Dead Song,Zeila
TUNIC,Memories of Memories,PlayfulPiano
TUNIC,Sunset Breakfast,Rubikium
World of Goo,Tumbler,WiiMan96
Yakuza 0,Theme of Serena,rcpercussionist
Yooka-Laylee,Hivory Towers,Sebastian
Yooka-Laylee,Moodymaze Marsh,Evan Lin
Yooka-Laylee,Tribalstack Tropics,Evan Lin
Yoshi's Cookie,1P Music Type A,LeviR.star
Yoshi's Cookie,1P Music Type C,Jacopo Tore
Yoshi's Cookie,2P Music Type C,Gabriele Sechi
Yoshi's Cookie,Music B,Nintendude73
Yoshi's Cookie,Title Screen,Latios212
Yoshi's Cookie,Versus Mode,Nintendude73
Yoshi's Cookie,Versus Music C,Nintendude73
Zero Escape: Virtue's Last Reward,Blue Bird Lamentation,mastersuperfan
Zero Escape: Virtue's Last Reward,Confession,Maelstrom
Zero Escape: Virtue's Last Reward,Portentousness,Trasdegi
Zero Escape: Zero Time Dilemma,Bad End,Zeila
Zero Escape: Zero Time Dilemma,Interminable Dilemma (Final Decision),Zeila
Zero Escape: Zero Time Dilemma,Morphogenetic Sorrow (Piano),mastersuperfan
A Dance of Fire and Ice,The Midnight Train,mastersuperfan
A Hat in Time,Time Rift Story Book,Sebastian
Age of Empires II: The Age of Kings,Menu,WiiMan96
Annalynn,Lava Factory,LeviR.star
Backyard Baseball,Pablo Sanchez's Theme,Altissimo
Bug Fables: The Everlasting Sapling,???,Bloop
Bug Fables: The Everlasting Sapling,Blessed Golden Lands,cacabish
Bug Fables: The Everlasting Sapling,Lost Castle of Ancient Worship,Bloop
Bug Fables: The Everlasting Sapling,Make it Crisbee!,cacabish
Bug Fables: The Everlasting Sapling,Oh no! WASPS!!,Bloop
Bug Fables: The Everlasting Sapling,The Giant's Lair,Bloop
Bug Fables: The Everlasting Sapling,The Sailors' Pier,cacabish
Bunny Must Die! Chelsea and the 7 Devils,Flying Dandelion,Static
Cave Story,Access,Th3Gavst3r
Cave Story,Balcony,Th3Gavst3r
Cave Story,Balrog's Theme,The Deku Trombonist
Cave Story,Break Down,Th3Gavst3r
Cave Story,Cemetery,Th3Gavst3r
Cave Story,Halloween 2,Th3Gavst3r
Cave Story,Running Hell,Maelstrom
Cave Story,Scorching Back,Static
Cave Story,Zombie,Th3Gavst3r
Chris Sawyer's Locomotion,Sandy Track Blues,Clanker37
CrossCode,Battle 1,Greg
CrossCode,Boss Battle,Greg
CrossCode,First Scholars (Two Pianos),Greg
CrossCode,Improvising,Greg
CrossCode,Lea!,Greg
CrossCode,Valse d'Ahoge,Greg
Crypt of the NecroDancer,Knight to C-Sharp (Deep Blues),Fantastic Ike
Deltarune,Attack of the Killer Queen,Zeila
Deltarune,Before the Story,PlayfulPiano
Deltarune,Beginning,LeviR.star
Deltarune,Berdly,mastersuperfan
Deltarune,Bluebird of Misfortune,mastersuperfan
Deltarune,Card Castle,Yug Guy
Deltarune,Chaos King,Yug Guy
Deltarune,Checker Dance,Yug Guy
Deltarune,Darkness Falls,Francesca Minasi
Deltarune,Don't Forget,LeviR.star
Deltarune,Empty Town,LeviR.star
Deltarune,Field of Hopes and Dreams,WaluigiTime64
Deltarune,Friendship,mastersuperfan
Deltarune,Gallery,Maelstrom
Deltarune,Hip Shop,Yug Guy
Deltarune,"It's Pronounced ""Rules""",Kuppa
Deltarune,Lancer,ThatHiddenCharacter
Deltarune,Lost Girl,mastersuperfan
Deltarune,My Castle Town,Th3Gavst3r
Deltarune,Pandora Palace,Bloop
Deltarune,Queen,mastersuperfan
Deltarune,Quiet Autumn,Maelstrom
Deltarune,Rude Buster,mastersuperfan
Deltarune,Scarlet Forest,Bloop
Deltarune,School,FiveNineSquared
Deltarune,The Chase,Maelstrom
Deltarune,The Circus,LeviR.star
Deltarune,THE HOLY,Yug Guy
Deltarune,THE WORLD REVOLVING,ThatHiddenCharacter
Deltarune,Vs. Lancer,ThatHiddenCharacter
Deltarune,WELCOME TO THE CITY,Bloop
Deltarune,You Can Always Come Home,Latios212
Deltarune,Your Power,Yug Guy
Diablo III: Reaper of Souls,A Mortal Heart,Tobbeh99
Diner Dash: Hometown Hero,Florence's Groovy Disco,Static
Do You Remember My Lullaby?,Lullaby (Music Box),SteventheSlayer
Doki Doki Literature Club!,Daijoubu!,Latios212
Doki Doki Literature Club!,Dreams of Love and Literature,Nacho2420
Doki Doki Literature Club!,I Still Love You,NPbus_
Doki Doki Literature Club!,My Confession,NPbus_
Doki Doki Literature Club!,My Feelings,Latios212
Doki Doki Literature Club!,Ohayou Sayori!,Latios212
Doki Doki Literature Club!,"Okay, Everyone! (Monika)",Purple1222119
Doki Doki Literature Club!,Play With Me (Four Hands),NPbus_
Doki Doki Literature Club!,Your Reality (Credits),Maelstrom
Doom,At Doom's Gate [E1M1],Yug Guy
Doom,Intermission from DOOM [E2M3],Yug Guy
Doom,Sweet Little Dead Bunny,Yug Guy
Epic Battle Fantasy 4,A Stroll Through Nostalgia (Ending Version),Nutella511
Final Fantasy XIV,The Twin Faces of Fate - The Theme of Ul'dah,Static
Five Nights at Freddy's,Freddy Fazbear's Theme (from Carmen),Olimar12345
Five Nights at Freddy's 2,Lullaby Waltz (The Monastery Bells),Olimar12345
Five Nights at Freddy's 2,Puppet's Music Box,Olimar12345
Five Nights at Freddy's 3,Don't Go,Don Valentino
Five Nights at Freddy's 3,Shadow Bonnie Minigame (Ständchen),Sebastian
Five Nights at Freddy's: Sister Location,Crumbling Dreams (Ballora's Musicbox),Sebastian
Five Nights at Freddy's: Sister Location,Demolition Inevitable,Sebastian
Five Nights at Freddy's: Sister Location,MVP,Sebastian
Five Nights at Freddy's: Sister Location,Turtle Crusher,Sebastian
Five Nights at Freddy's: Sister Location,Watch Your 6,Olimar12345
Freddy Pharkas: Frontier Pharmacist,Pharmacy Workbench,Nine Lives
Full Tilt! Pinball,Space Cadet Board,Bubbles
Higurashi: When They Cry,You,Maelstrom
Hollow Knight,City of Tears,PlayfulPiano
Hollow Knight,Dirtmouth,Maelstrom
Hollow Knight,Hollow Knight,Zunawe
Hollow Knight,Resting Grounds,Zunawe
Hollow Knight,White Palace,PlayfulPiano
Hype: The Time Quest,The Guardian of Time,E. Gadd Industries
Ikachan,Main Theme,Olimar12345
Kero Blaster,Arrival,Olimar12345
Kero Blaster,Change Spec,Olimar12345
Kero Blaster,Chemistry,Olimar12345
Kero Blaster,Credits of Kero,Olimar12345
Kero Blaster,It's My Blaster,Olimar12345
Kero Blaster,New Item!,Olimar12345
Kero Blaster,Relaxation,Olimar12345
Kero Blaster,Shopping Cart,Olimar12345
Kero Blaster,Time Table,Olimar12345
Kero Blaster,Train Station,Olimar12345
Kimi ga Shine -Tasūketsu Death Game-,Clown's Song,mastersuperfan
King's Valley II: The Seal of El Giza,The Next Pyramid,Atcero
Kingdom,Rest,Th3Gavst3r
La-Mulana,La-Mulana,FugalOmen
La-Mulana,Mr. Explorer,FugalOmen
Leisure Suit Larry 5: Passionate Patti Does a Little Undercover Work,Hard Rock Me,Nine Lives
Leisure Suit Larry 5: Passionate Patti Does a Little Undercover Work,Theme Song,Nine Lives
Leisure Suit Larry Goes Looking For Love (in Several Wrong Places),Kalalau's Love Song,Nine Lives
Leisure Suit Larry in the Land of the Lounge Lizards,Quiki-Mart,Nine Lives
Leisure Suit Larry in the Land of the Lounge Lizards,Theme Song,Nine Lives
Len'en 1: Evanescent Existence,Eternal Dance Engine ~ Shall We Dance!!,BlueKirby
Len'en 2: Earthen Miraculous Sword,Deep Waiver,BlueKirby
Len'en 2: Earthen Miraculous Sword,Mono Eye ~ Ironic FATE,BlueKirby
Len'en 3: Reactivate Majestical Imperial,Walking a Road that Ends in Futility,BlueKirby
Liberty or Death,American Events,Static
LISA,Brokentooth March,Yugikun
Long Live the Queen,Charlotte,McDucky
Long Live the Queen,Death Music (Marche Funèbre),McDucky
Long Live the Queen,Dramatic Statement,McDucky
Long Live the Queen,Epilogue,McDucky
Long Live the Queen,Explore Castle (Sonata),McDucky
Long Live the Queen,Hunting,McDucky
Long Live the Queen,Introduction,McDucky
Long Live the Queen,Magical,McDucky
Long Live the Queen,Noodling,McDucky
Long Live the Queen,Reprise (Garnet),McDucky
Long Live the Queen,Room Settle (Amethyst),McDucky
Long Live the Queen,Shanjia,McDucky
Long Live the Queen,Studying (Amethyst),McDucky
Long Live the Queen,Talking (Busy),McDucky
Long Live the Queen,Talking (Worried),McDucky
Long Live the Queen,Title Screen (God Save The Queen),McDucky
Long Live the Queen,Visit Dungeon (Sonata),McDucky
Lucid9: Inciting Incident,Melancholy,mastersuperfan
Lucid9: Inciting Incident,Rationality,mastersuperfan
Lucy -The Eternity She Wished For-,Light,mastersuperfan
M.U.L.E.,Main Menu,Th3Gavst3r
Magic School Bus Explores in the Age of Dinosaurs,Dino Madness,Qew
Magic School Bus Explores in the Age of Dinosaurs,Dino Sizer,Qew
Maple Story,Orbis,Dalonzo
Metal Gear,Operation Intrude N313,Arc of the Half-Moon
Metal Gear,Theme of Tara,Arc of the Half-Moon
Metal Gear 2: Solid Snake,Night Fall,Arc of the Half-Moon
Metal Gear 2: Solid Snake,Zanzibarland National Anthem,Arc of the Half-Moon
Minecraft,Comforting Memories,PlayfulPiano
Minecraft,Infinite Amethyst,PlayfulPiano
Minecraft,Rubedo,Whoppybones
Minecraft,Sweden,PlayfulPiano
Minecraft,Wet Hands,Sebastian
Momodora: Reverie Under the Moonlight,Pardoner's Dance,Maelstrom
OMORI,By Your Side,SlimyWyvern
OMORI,Lost At A Sleepover,PlayfulPiano
OMORI,Lost Library,PlayfulPiano
OMORI,Remember To Be Patient,PlayfulPiano
OMORI,Spaces In-between,PlayfulPiano
OMORI,Stardust Diving,mastersuperfan
OMORI,Title,PlayfulPiano
OMORI,Trees...,PlayfulPiano
OMORI,WHITE SPACE (Version 1),BrainyLucario
OMORI,WHITE SPACE (Version 3),PlayfulPiano
OneShot,My Burden Is Light,Francesca Minasi
OneShot,Niko and the World Machine,Francesca Minasi
OneShot,Someplace I Know,Francesca Minasi
OPUS: Echo of Starsong,River,Latios212
Owlboy,The Loop Has Ended,Th3Gavst3r
"Papers, Please",Main Theme,McDucky
planetarian ~the reverie of a little planet~,Gentle Jena,Static
Plants vs. Zombies,Choose Your Seeds,Nine Lives
Plants vs. Zombies,Crazy Dave (Intro Theme),Fantastic Ike
Plants vs. Zombies,Loonboon,ThatHiddenCharacter
Rogue Legacy,Castle (Traits Menu),McDucky
RollerCoaster Tycoon,Title Theme,Code_Name_Geek
Rome: Total War,Divinitus,hamishbrown
Runescape,Arabian,Pianist Da Sootopolis
Runescape,Yesteryear,Zeila
S.T.A.L.K.E.R.: Clear Sky,Bandit Radio,Altissimo
Seihou 1: Shuusou Gyoku,Dichromatic Lotus Butterfly ~ Ancients,BlueKirby
Song of Saya,SABBATH,Static
Sonic & Knuckles Collection,Launch Base Zone Act 1,Commander6
Sonic & Knuckles Collection,Launch Base Zone Act 2,Commander6
Spellforce: The Breath of Winter,Cenwen,Libera
Hotel Mario,Main Menu/Map,WaluigiTime64
Zelda: The Wand of Gamelon,Main Theme,Static
Spooky's Jump Scare Mansion,We Have the Beef,BlackDragonSlayer
Stardew Valley,Frozen Pizza and Eggs (Shane's Theme),Code_Name_Geek
Stardew Valley,Piano Solo (Elliott's Theme),Code_Name_Geek
Stardew Valley,Spirit's Eve Festival,Code_Name_Geek
Summer Pockets,Twinkle of Alcor,Libera
Symphonic Rain,Always Smiling (Free Play Mode),Latios212
Symphonic Rain,Even if Tears Run Down Your Cheeks (Piano),Latios212
Symphonic Rain,Fay (Instrumental),Latios212
Symphonic Rain,Feel the Rain,Latios212
Symphonic Rain,Hello!,Latios212
Symphonic Rain,Lycéenne,Latios212
Symphonic Rain,Rain Falling in my Heart,Latios212
Symphonic Rain,Secret,Latios212
Symphonic Rain,The Other Side of the Sky (Piano),McDucky
Team Fortress 2,Rocketjump Waltz,Mr. ML&G
The Binding of Isaac,Pride,Yugikun
The Elder Scrolls II: Daggerfall,General Shop,Atcero
The Incredible Machine 3,Ragtime Theme,Arqivus
The Legend of Heroes: Trails in the Sky,A Cat Relaxing in the Sun,cacabish
The Legend of Heroes: Trails in the Sky,Confession,cacabish
The Legend of Heroes: Trails in the Sky,Provencial City of Rolent,Maelstrom
The Legend of Heroes: Trails in the Sky,Silver Will,Maelstrom
The Legend of Heroes: Trails in the Sky SC,Hamel,SlimyWyvern
The Mirror Lied,Main Theme (Two Pianos),SteventheSlayer
The Sims,Autoplay,WiiMan96
The Sims 2,Building Theme One,WiiMan96
The Stanley Parable,Following Stanley,Th3Gavst3r
To the Moon,For River - Piano (Johnny's Version),Olimar12345
To the Moon,Having Lived,Kaphita
To the Moon,Once Upon a Memory (Piano),Latios212
To the Moon,World's Smallest Ferris Wheel,YouAreNotATadpole
Tom Clancy's Ghost Recon,Anthem,Thomas Wilson
Touhou 10.5:  Scarlet Weather Rhapsody,Argue for and Against,WaluigiTime64
Touhou 10.5:  Scarlet Weather Rhapsody,Catastrophe in Bhava-Agra ~ Wonderful Heaven,MasterProX
Touhou 10.5:  Scarlet Weather Rhapsody,Drunk as I Like,WaluigiTime64
Touhou 11: Subterranean Animism,Green-Eyed Jealousy,WaluigiTime64
Touhou 11: Subterranean Animism,Hellfire Mantle,WaluigiTime64
Touhou 11: Subterranean Animism,The Sealed-Away Youkai ~ Lost Place,WaluigiTime64
Touhou 12: Undefined Fantastic Object,Interdimensional Voyage of a Ghostly Passenger Ship,Static
Touhou 12: Undefined Fantastic Object,UFO Romance in the Night Sky,WaluigiTime64
Touhou 13: Ten Desires,Let's Live in a Lovely Cemetery,WaluigiTime64
Touhou 13: Ten Desires,Spirit of Avarice,MasterProX
Touhou 13: Ten Desires,The Youkai Girl at the Gate,Static
Touhou 14: Double Dealing Character,Dullahan Under the Willows,WaluigiTime64
Touhou 15: Legacy of Lunatic Kingdom,The Moon as Seen from the Shrine,BlueKirby
Touhou 17: Wily Beast and Weakest Creature,Electric Heritage,Maelstrom
Touhou 17: Wily Beast and Weakest Creature,Joutoujin of Ceramics,Maelstrom
Touhou 2: Story of Eastern Wonderland,World of Empty Dreams,BlueKirby
Touhou 3: Phantasmagoria of Dim.Dream,Strawberry Crisis!!,Maelstrom
Touhou 4: Lotus Land Story,Bad Apple!!,Maelstrom
Touhou 5: Mystic Square,The Grimoire of Alice,Maelstrom
Touhou 6: The Embodiment of Scarlet Devil,Beloved Tomboyish Girl,WaluigiTime64
Touhou 6: The Embodiment of Scarlet Devil,Lunar Clock ~ Luna Dial,MasterProX
Touhou 6: The Embodiment of Scarlet Devil,Septette for the Dead Princess,Static
Touhou 6: The Embodiment of Scarlet Devil,U.N. Owen Was Her?,WaluigiTime64
Touhou 7: Perfect Cherry Blossom,The Doll Maker of Bucuresti,Maelstrom
Touhou 8: Imperishable Night,Cinderella Cage ~ Kagome-Kagome,Maelstrom
Touhou 8: Imperishable Night,Lunatic Eyes ~ Invisible Full Moon,Maelstrom
Touhou 8: Imperishable Night,Nostalgic Blood of the East ~ Old World,WaluigiTime64
Touhou 8: Imperishable Night,"Reach for the Moon, Immortal Smoke",Maelstrom
Touhou 8: Imperishable Night,Retribution for the Eternal Night ~ Imperishable Night,Renaud Bergeron
Touhou 9: Phantasmagoria of Flower View,Adventure of the Lovestruck Tomboy,Static
Treasure MathStorm!,Intro and Title Theme,Qew
Treasure Mountain!,Level 1,Qew
Tyrian,Beer,Th3Gavst3r
Umineko When They Cry,Black Lilliana,Maelstrom
Umineko When They Cry,far,Maelstrom
Umineko When They Cry,Hope,Maelstrom
Umineko When They Cry,Organ Short #600 Million in C Minor,Maelstrom
Umineko When They Cry,witch in gold,Maelstrom
Umineko When They Cry,Worldend (babypiano),Yugikun
Umineko When They Cry Chiru,the executioner,Maelstrom
Undertale,Absolutely Overfamiliar Shrine,Th3Gavst3r
Undertale,Alphys,Yug Guy
Undertale,Amalgam,Yug Guy
Undertale,An Ending,Zeila
Undertale,Another Medium,WaluigiTime64
Undertale,Anticipation,Th3Gavst3r
Undertale,ASGORE,Olimar12345
Undertale,Barrier,Olimar12345
Undertale,Battle Against a True Hero,Olimar12345
Undertale,Bergentrückung,Olimar12345
Undertale,Bird That Carries You Over A Disproportionately Small Gap,ThePopStarDude
Undertale,"Bring It In, Guys!",Zeila
Undertale,Burn in Despair!,Olimar12345
Undertale,But the Earth Refused to Die,Maelstrom
Undertale,"Can You Really Call This A Hotel, I Didn't Receive A Mint On My Pillow Or Anything",Olimar12345
Undertale,Chill,Zeila
Undertale,Confession,Zeila
Undertale,CORE,XiaoMigros
Undertale,CORE Approach,Dinos24SP
Undertale,Dance of Dog,Th3Gavst3r
Undertale,Danger Mystery,Th3Gavst3r
Undertale,Dating Fight!,Enaryok
Undertale,Dating Start!,mastersuperfan
Undertale,Dating Tense!,mastersuperfan
Undertale,Death by Glamour,mastersuperfan
Undertale,Death Report,Sebastian
Undertale,Determination,Maelstrom
Undertale,Dogbass,Sebastian
Undertale,Dogsong,Dinos24SP
Undertale,Don't Give Up,Olimar12345
Undertale,Dummy!,Th3Gavst3r
Undertale,Dununn / Predummy,Th3Gavst3r
Undertale,Enemy Approaching,Zeila
Undertale,Fallen Down,braix
Undertale,Fallen Down (Reprise),Echo
Undertale,Final Power,Olimar12345
Undertale,Finale,ThePopStarDude
Undertale,For the Fans,Maelstrom
Undertale,Gaster's Theme,Yug Guy
Undertale,Ghost Fight,Dinos24SP
Undertale,Ghouliday,Olimar12345
Undertale,Good Night,Dinos24SP
Undertale,Happy Town,Zeila
Undertale,Here We Are,Olimar12345
Undertale,His Theme,Oronoco
Undertale,Home,Latios212
Undertale,Hopes and Dreams,Latios212
Undertale,Hotel,Onionleaf
Undertale,It's Raining Somewhere Else,Dinos24SP
Undertale,It's Showtime!,Yug Guy
Undertale,Last Episode!,Sebastian
Undertale,Last Goodbye,Zeila
Undertale,Live Report,Yug Guy
Undertale,Long Elevator,Olimar12345
Undertale,Mad Mew Mew,Zeila
Undertale,Meat Factory,Zeila
Undertale,MEGALOVANIA,mastersuperfan
Undertale,Menu (Full),Enaryok
Undertale,Metal Crusher,Yug Guy
Undertale,Mysterious Place,Olimar12345
Undertale,Mysterious Shrine,Th3Gavst3r
Undertale,NGAHHH!!,Yugikun
Undertale,Nyeh Heh Heh!,Olimar12345
Undertale,Oh My...,Yug Guy
Undertale,Oh! Dungeon,Sebastian
Undertale,Oh! One True Love,Maelstrom
Undertale,Once Upon A Time,Petpetfood
Undertale,Ooo,Sebastian
Undertale,Pathetic House,Yug Guy
Undertale,"Power of ""NEO""",Yugikun
Undertale,Premonition,Th3Gavst3r
Undertale,Quiet Water,Yug Guy
Undertale,Respite,Maelstrom
Undertale,Reunited,Olimar12345
Undertale,Room of Dog,Th3Gavst3r
Undertale,Ruins,Dinos24SP
Undertale,Run!,Yug Guy
Undertale,sans.,XiaoMigros
Undertale,SAVE the World,Olimar12345
Undertale,She's Playing Piano,Olimar12345
Undertale,Shop,braix
Undertale,Sigh of Dog,Th3Gavst3r
Undertale,Small Shock,Dinos24SP
Undertale,Snore Symphony,Th3Gavst3r
Undertale,Snowdin Town,braix
Undertale,Snowy,Nebbles
Undertale,Song That Might Play When You Fight Sans,Enaryok
Undertale,Spear of Justice,XiaoMigros
Undertale,Spear of Justice (Beta),Zeila
Undertale,Spider Dance,XiaoMigros
Undertale,Spooktune / Spookwave,Olimar12345
Undertale,Star,Th3Gavst3r
Undertale,Start Menu,Enaryok
Undertale,Stronger Monsters,Olimar12345
Undertale,Tem Shop,Yug Guy
Undertale,Temmie Village,Yug Guy
Undertale,The Choice,Olimar12345
Undertale,The Wrong Number Song,Th3Gavst3r
Undertale,Thundersnail,Zeila
Undertale,Trouble Dingle,Th3Gavst3r
Undertale,Undertale,BrainyLucario
Undertale,Undyne,Zeila
Undertale,Unnecessary Tension,Sebastian
Undertale,Uwa!! So HEATS!!♫,InsigTurtle
Undertale,Uwa!! So Holiday♫,InsigTurtle
Undertale,Uwa!! So Temperate♫,InsigTurtle
Undertale,Waterfall,Sebastian
Undertale,Wrong Enemy!?,mastersuperfan
Undertale,You Idiot,Olimar12345
Undertale,Your Best Friend,Dinos24SP
VA-11 HALL-A: Cyberpunk Bartender Action,Every Day is Night,Maelstrom
VVVVVV,Path Complete,Yug Guy
VVVVVV,Pushing Onwards,Bloop
Witch on the Holy Night,Manifestation / The Great Three,Libera
Bomberman '93,Planet Icicle,LeviR.star
Dungeon Explorer,Dungeon Theme 7,Jacopo Tore
Wolf,Choosing a Wolf,Tangy
Wonderful Everyday Down the Rabbit-Hole,Yoru no Himawari,Maelstrom
World of Warcraft: Warlords of Draenor,A Siege of Worlds,Tobbeh99
Worms,Main Theme,"Fabian ""JFK"" Kuhnlein"
Yume Nikki,(Working... please wait...),NPbus_
Yume Nikki,FC Basement,Rwars
Yume Nikki,FC Castle,Rwars
Yume Nikki,FC Field,Rwars
Yume Nikki,Flute Player,Rwars
Yume Nikki,NASU Title Screen / Game / Game Over,Rwars
Yume Nikki,Poniko's Room (Lights Off),BrainyLucario
Yume Nikki,Poniko's Room (Lights On),BrainyLucario
Yume Nikki,The Barracks Settlement,Rwars
Yume Nikki,The End,Rwars
Yume Nikki,Title Screen,Rwars
ZeroRanger,Green Orange,Libera
